Country (or dependent territory),2000,2001,2002,2003,2004,2005,2006,2007,2008,2009
 Afghanistan,,,"4,367","4,553","5,146","6,167","6,925","8,556","10,297","12,066"
 Albania,"3,483","3,928","4,348","5,611","7,185","8,052","8,896","10,677","12,881","12,044"
 Algeria,"54,749","54,745","56,761","67,864","85,332","103,198","117,027","134,977","171,001","137,211"
 Andorra,"1,429","1,547","1,758","2,362","2,896","3,158","3,456","3,952","4,082","3,675"
 Angola,"11,166","10,930","15,286","17,813","23,552","36,971","52,381","65,266","88,539","70,307"
 Antigua and Barbuda,826,800,814,856,920,"1,023","1,158","1,313","1,370","1,228"
 Argentina,"317,759","300,421","112,458","142,431","164,911","199,273","232,892","287,921","363,545","334,633"
 Armenia,"1,912","2,118","2,376","2,807","3,577","4,900","6,384","9,206","11,662","8,648"
 Aruba,"1,873","1,896","1,962","2,044","2,255","2,360","2,470","2,678","2,843","2,554"
 Australia,"399,960","377,780","425,288","541,063","658,572","735,940","782,797","949,526","1,056,487","1,000,801"
 Austria,"197,377","197,510","214,243","262,208","301,321","316,267","336,298","389,231","432,005","401,323"
 Azerbaijan,"5,273","5,475","6,232","7,276","8,682","13,273","21,027","33,090","48,979","44,289"
 Bahamas,"8,076","8,318","8,881","8,870","9,055","9,836","10,167","10,618","10,526","9,982"
 Bahrain,"9,063","9,189","9,594","11,075","13,150","15,969","18,505","21,730","25,711","22,938"
 Bangladesh,"61,687","62,537","65,036","71,755","77,152","79,530","86,028","95,374","109,765","122,760"
 Barbados,"3,059","3,055","3,106","3,210","3,444","3,820","4,217","4,674","4,785","4,466"
 Belarus,"10,785","12,778","15,092","18,420","23,928","31,239","38,219","46,815","62,798","50,855"
 Belgium,"236,897","236,748","258,200","318,004","369,047","385,927","408,281","470,978","517,270","482,730"
 Belize,"1,116","1,163","1,233","1,298","1,390","1,462","1,581","1,696","1,729","1,681"
 Benin,"3,522","3,666","4,191","5,348","6,187","6,571","7,034","8,170","9,787","9,728"
 Bhutan,423,441,481,572,649,758,812,995,"1,260","1,184"
 Bolivia,"8,385","8,155","7,917","8,092","8,785","9,573","11,520","13,216","16,792","17,464"
 Bosnia and Herzegovina,"5,554","5,784","6,711","8,477","10,157","10,935","12,460","15,323","18,712","17,601"
 Botswana,"5,682","5,460","5,395","7,469","8,819","9,833","9,919","10,566","10,731","10,118"
 Brazil,"655,454","559,982","509,798","558,232","669,290","891,633","1,107,628","1,397,114","1,695,855","1,669,204"
 Brunei,"6,650","6,206","6,475","7,266","8,723","10,561","12,710","13,571","15,975","11,893"
 Bulgaria,"13,246","14,183","16,403","21,146","26,158","29,868","34,380","44,432","54,476","52,024"
 Burkina Faso,"2,970","3,190","3,620","4,740","5,449","6,150","6,548","7,627","9,450","9,440"
 Burundi,870,877,825,785,915,"1,117","1,273","1,356","1,612","1,775"
 Cambodia,"3,667","3,992","4,289","4,665","5,334","6,286","7,267","8,630","10,341","10,391"
 Cameroon,"10,245","10,950","12,369","15,944","18,803","19,534","20,912","23,931","27,712","27,903"
 Canada,"744,631","738,968","760,149","895,599","1,026,473","1,173,505","1,319,356","1,468,896","1,552,864","1,376,509"
 Cape Verde,609,616,679,891,"1,023","1,091","1,237","1,513","1,788","1,698"
 Central African Republic,868,899,983,"1,188","1,310","1,413","1,538","1,755","2,033","2,059"
 Chad,"1,572","1,936","2,257","3,102","5,003","6,676","7,451","8,687","10,430","9,315"
 Chile,"78,250","71,517","70,295","76,508","99,079","122,315","153,840","172,565","179,663","171,794"
 China,"1,205,532","1,333,649","1,465,829","1,656,962","1,949,446","2,290,019","2,754,149","3,555,655","4,577,280","5,088,992"
 Colombia,"99,270","97,606","97,353","94,072","116,382","145,601","161,793","206,230","242,504","232,469"
 Comoros,339,373,427,547,622,656,689,796,916,904
 Costa Rica,"15,016","15,979","16,584","17,277","18,615","20,049","22,717","26,885","30,802","30,746"
 Croatia,"22,140","23,062","26,742","35,247","41,837","45,053","49,533","59,180","68,336","61,872"
 Cyprus,"9,988","10,397","11,422","14,552","17,328","18,713","20,422","24,082","27,955","26,020"
 Czech Republic,"61,823","67,809","82,184","100,125","119,815","137,143","156,264","189,988","237,131","207,558"
 Democratic Republic of the Congo,"19,077","7,246","8,720","9,022","10,275","12,720","15,403","18,598","22,665","18,626"
 Denmark,"164,158","164,791","178,635","218,097","251,375","264,467","282,886","319,424","353,359","321,243"
 Djibouti,780,811,837,881,935,995,"1,079","1,190","1,381","1,425"
 Dominica,333,340,333,343,367,364,390,421,458,489
 Dominican Republic,"24,306","25,602","27,249","21,518","22,506","35,948","37,998","44,067","48,206","48,319"
 Ecuador,"18,319","24,468","28,549","32,433","36,592","41,507","46,802","51,008","61,763","62,520"
 Egypt,"104,752","102,273","90,261","85,163","82,855","94,127","112,902","137,055","170,797","198,316"
 El Salvador,"11,785","12,283","12,664","13,244","13,725","14,698","16,000","17,012","17,987","17,602"
 Equatorial Guinea,"1,159","1,674","2,071","3,768","5,954","8,187","10,095","13,089","19,830","15,088"
 Eritrea,547,582,564,673,858,850,937,"1,020",923,"1,297"
 Estonia,"5,707","6,269","7,391","9,891","12,158","14,126","17,047","22,476","24,433","19,693"
 Eswatini,"1,739","1,544","1,436","2,198","2,774","3,177","3,293","3,465","3,298","3,596"
 Ethiopia,"8,167","8,103","7,828","8,604","10,122","12,387","15,310","19,329","26,250","28,672"
 Federated States of Micronesia,233,241,242,245,240,250,253,257,263,280
 Fiji,"1,824","1,798","1,996","2,509","2,954","3,257","3,361","3,688","3,816","3,106"
 Finland,"126,075","129,534","140,305","171,609","197,390","204,999","217,101","256,408","285,685","253,222"
 France,"1,366,243","1,377,667","1,500,348","1,844,083","2,118,671","2,198,160","2,320,659","2,660,905","2,929,983","2,697,955"
 Gabon,"5,397","5,023","5,332","6,510","7,767","9,468","10,164","12,457","15,570","12,188"
 Gambia,"1,010","1,002",887,843,962,"1,028","1,054","1,280","1,562","1,450"
 Georgia,"3,144","3,311","3,493","4,103","5,269","6,590","7,979","10,458","13,158","11,069"
 Germany,"1,948,843","1,945,804","2,077,016","2,501,014","2,813,076","2,848,438","2,994,862","3,425,982","3,744,854","3,407,557"
 Ghana,"11,470","12,234","14,205","17,528","20,302","24,600","28,883","34,044","38,659","34,601"
 Greece,"131,082","135,160","153,152","200,613","238,823","245,920","271,254","316,250","352,866","328,156"
 Grenada,520,520,540,591,599,695,699,759,826,771
 Guatemala,"18,124","19,735","21,924","23,092","24,977","28,179","31,308","35,028","40,242","37,997"
 Guinea,"4,039","3,806","4,022","4,759","5,012","4,506","4,178","6,317","6,966","6,753"
 Guinea-Bissau,392,413,466,553,582,640,635,753,953,889
 Guyana,"1,497","1,504","1,555","1,592","1,657","1,712","1,899","2,225","2,491","2,596"
 Haiti,"6,810","6,285","6,064","4,866","6,037","7,186","7,507","9,522","10,488","11,598"
 Honduras,"7,187","7,651","7,858","8,230","8,869","9,757","10,917","12,361","13,882","14,587"
 Hong Kong,"171,643","169,381","166,336","161,370","169,085","181,556","193,515","211,583","219,279","214,048"
 Hungary,"47,218","53,750","67,609","85,285","104,121","113,211","115,716","140,187","158,326","131,069"
 Iceland,"9,026","8,235","9,318","11,429","13,825","16,853","17,465","21,653","18,075","13,154"
 India,"476,610","493,953","523,970","618,358","721,589","834,217","949,117","1,238,700","1,224,096","1,365,373"
 Indonesia,"179,482","174,507","212,807","255,428","279,556","310,815","396,293","470,144","558,582","577,539"
 Iran,"366,917","330,978","132,682","158,416","188,961","228,428","272,361","360,928","425,699","440,408"
 Iraq,"25,857","18,936","18,970","15,800","36,642","50,065","65,144","88,833","131,614","111,660"
 Ireland,"100,253","109,347","128,505","164,630","194,283","211,993","232,193","270,112","275,417","236,185"
 Israel,"136,034","134,637","125,060","131,299","139,974","147,084","158,670","184,053","220,530","211,968"
 Italy,"1,147,183","1,168,032","1,275,867","1,577,228","1,805,723","1,859,244","1,949,657","2,213,364","2,408,392","2,197,540"
 Ivory Coast,"14,829","15,455","17,103","21,160","22,870","23,594","24,582","28,108","33,554","33,593"
 Jamaica,"9,065","9,195","9,719","9,430","10,175","11,233","11,946","12,881","13,743","12,107"
 Japan,"4,968,360","4,374,710","4,182,845","4,519,564","4,893,135","4,831,467","4,601,663","4,579,750","5,106,679","5,289,494"
 Jordan,"8,725","9,268","9,972","10,575","11,771","13,134","15,795","17,957","22,648","24,538"
 Kazakhstan,"18,292","22,153","24,637","30,834","43,152","57,125","81,003","104,850","133,442","115,309"
 Kenya,"18,206","18,697","19,030","21,391","22,790","26,308","29,668","36,708","41,059","42,347"
 Kiribati,68,63,72,91,103,112,110,133,144,134
 Kosovo,"2,217","2,509","2,730","3,390","3,710","3,828","4,019","4,868","5,202","5,030"
 Kuwait,"37,721","34,886","38,135","47,844","59,439","80,807","101,559","114,677","147,402","105,992"
 Kyrgyzstan,"1,368","1,525","1,606","1,920","2,214","2,459","2,837","3,807","5,139","4,690"
 Laos,"1,720","1,757","1,844","2,260","2,651","3,079","3,934","4,757","5,946","6,431"
 Latvia,"7,963","8,363","9,564","11,777","14,440","17,030","21,589","31,100","36,023","26,480"
 Lebanon,"17,018","17,361","18,837","19,486","21,160","21,497","22,023","24,827","29,119","35,400"
 Lesotho,847,701,767,"1,109","1,384","1,484","1,519","1,759","1,652","1,937"
 Liberia,863,904,943,714,897,944,"1,109","1,344","1,676","1,765"
 Libya,"39,498","35,206","21,128","27,026","34,054","48,852","60,094","68,211","86,804","60,809"
 Lithuania,"11,525","12,238","14,257","18,782","22,624","26,115","30,203","39,764","48,030","37,475"
 Luxembourg,"21,240","21,388","23,633","29,660","35,049","37,693","42,912","51,594","58,838","54,408"
 Macau,,"6,860","7,372","8,247","10,643","12,160","14,874","18,440","21,027","21,588"
 Madagascar,"4,629","5,438","5,352","6,372","5,065","5,859","6,396","8,525","10,725","9,617"
 Malawi,"4,257","4,178","4,922","4,521","4,895","5,148","5,630","6,240","7,492","8,723"
 Malaysia,"102,149","101,054","109,833","120,025","135,869","150,356","170,514","202,869","242,080","212,026"
 Maldives,801,767,828,"1,052","1,227","1,163","1,575","1,868","2,272","2,345"
 Mali,"2,963","3,468","3,905","4,713","5,452","6,251","6,906","8,157","9,871","10,249"
 Malta,"4,075","4,089","4,478","5,455","6,102","6,415","6,811","7,989","9,127","8,721"
 Marshall Islands,115,122,132,131,133,137,142,148,152,150
 Mauritania,"1,780","1,746","1,777","2,051","2,362","2,936","4,009","4,328","5,138","4,725"
 Mauritius,"4,935","4,882","5,123","6,155","6,962","6,867","7,123","8,260","10,125","9,252"
 Mexico,"707,909","756,693","772,110","729,335","782,243","877,477","975,383","1,052,697","1,109,987","900,047"
 Moldova,"1,315","1,481","1,662","1,981","2,598","2,988","3,408","4,401","6,055","5,438"
 Mongolia,"1,137","1,268","1,397","1,595","1,992","2,523","3,414","4,235","5,623","4,584"
 Montenegro,966,"1,150","1,269","1,681","2,073","2,261","2,724","3,686","4,564","4,171"
 Morocco,"42,053","42,704","45,711","56,345","64,528","67,468","74,284","85,539","100,112","100,535"
 Mozambique,"5,656","5,399","5,677","6,303","7,631","8,542","9,177","10,451","12,556","11,914"
 Myanmar,"7,736","7,131","6,921","8,881","10,754","12,126","13,585","17,855","25,470","30,864"
 Namibia,"3,941","3,577","3,396","4,974","6,673","7,324","7,711","8,730","8,496","8,915"
 Nauru,,,,,31,30,29,23,37,44
   Nepal,"6,536","6,719","6,816","7,217","8,296","9,329","10,314","11,775","14,308","14,661"
 Netherlands,"417,664","431,590","473,527","579,925","658,081","685,727","733,994","848,659","951,766","870,572"
 New Zealand,"54,126","53,128","62,061","82,411","101,601","113,264","109,739","134,879","135,373","121,701"
 Nicaragua,"5,109","5,335","5,224","5,322","5,793","6,321","6,764","7,423","8,497","8,297"
 Niger,"2,235","2,442","2,772","3,382","3,746","4,372","4,743","5,716","7,279","7,324"
 Nigeria,"67,824","73,128","93,983","102,935","130,345","169,645","222,791","262,215","330,260","297,458"
 North Macedonia,"3,774","3,709","3,991","4,946","5,684","6,257","6,860","8,337","9,912","9,400"
 Norway,"171,456","174,240","195,915","229,385","265,267","309,979","346,914","402,646","464,915","387,974"
 Oman,"22,259","22,206","23,066","24,734","28,379","35,507","42,578","48,300","69,805","55,454"
 Pakistan,"89,651","87,389","87,933","101,103","118,844","132,833","154,493","171,512","191,425","188,991"
 Palau,149,159,163,155,166,186,191,196,199,184
 Palestine,"4,314","4,004","3,556","3,968","4,603","5,126","5,348","5,816","7,310","8,086"
 Panama,"12,502","12,704","13,204","13,915","15,255","16,638","18,438","21,296","25,156","27,117"
 Papua New Guinea,"5,169","4,531","4,387","5,488","6,279","7,339","8,355","9,545","11,671","11,619"
 Paraguay,"8,856","8,496","7,196","7,691","9,624","10,738","13,430","17,856","24,615","22,355"
 Peru,"50,414","51,034","53,954","58,537","66,126","74,232","87,459","102,187","121,250","121,763"
 Philippines,"83,667","78,921","84,307","87,039","95,002","107,420","127,653","155,980","181,007","176,132"
 Poland,"171,613","190,805","199,070","217,829","255,292","306,304","344,627","429,021","533,600","439,794"
 Portugal,"118,658","121,605","134,700","165,185","189,296","197,363","208,767","240,524","263,388","244,402"
 Puerto Rico,"61,702","69,669","72,546","75,834","80,322","83,915","87,276","89,524","93,639","96,386"
 Qatar,"18,085","17,498","19,334","23,716","30,651","44,636","58,629","75,987","112,621","88,196"
 Republic of the Congo,"3,624","3,038","3,330","3,863","5,101","6,654","8,073","8,784","11,649","9,713"
 Romania,"37,447","40,396","46,035","57,790","75,059","98,547","122,114","174,831","215,568","174,564"
 Russia,"278,264","328,475","370,062","461,518","633,294","817,717","1,060,901","1,393,416","1,779,109","1,307,927"
 Rwanda,"2,049","1,967","1,961","2,137","2,388","2,943","3,317","4,068","5,179","5,671"
 Saint Kitts and Nevis,421,458,481,469,507,547,644,689,778,774
 Saint Lucia,932,892,899,987,"1,066","1,135","1,267","1,331","1,427","1,399"
 Saint Vincent and the Grenadines,428,462,488,509,550,580,644,714,733,714
 Samoa,271,273,289,342,418,486,516,568,684,618
 San Marino,"1,008","1,060","1,148","1,462","1,714","1,788","1,910","2,189","2,403","2,062"
 São Tomé and Príncipe,77,72,80,96,104,125,133,145,188,188
 Saudi Arabia,"189,515","184,137","189,606","215,807","258,742","328,206","376,398","415,687","519,797","429,098"
 Senegal,"6,016","6,508","7,001","8,767","10,072","11,015","11,699","13,996","16,852","16,128"
 Serbia,"9,790","13,009","17,185","22,515","26,017","27,496","32,602","43,395","52,094","45,156"
 Seychelles,615,622,698,706,839,919,"1,016","1,034",998,847
 Sierra Leone,941,"1,084","1,250","1,380","1,439","1,610","1,884","2,159","2,511","2,454"
 Singapore,"96,077","89,794","92,538","97,646","115,034","127,808","148,627","180,942","193,617","194,150"
 Slovakia,"20,730","21,421","24,888","34,085","43,190","49,116","57,492","77,239","97,170","89,302"
 Slovenia,"20,393","20,901","23,539","29,673","34,448","36,260","39,514","48,073","55,773","50,513"
 Solomon Islands,420,410,346,353,398,477,539,620,699,736
 Somalia,,,,,,,,,,
 South Africa,"151,855","135,527","129,385","197,017","256,188","288,749","304,055","332,650","316,491","331,184"
 South Korea,"576,483","547,743","626,989","702,696","792,532","934,708","1,052,610","1,172,465","1,049,168","943,739"
 South Sudan,,,,,,,,,,
 Spain,"598,628","627,834","708,256","907,264","1,068,570","1,154,354","1,260,466","1,474,176","1,631,685","1,489,853"
 Sri Lanka,"20,007","19,236","20,238","22,352","24,423","28,880","33,447","38,270","48,177","49,750"
 Sudan,"13,134","15,716","18,137","21,355","26,646","35,183","45,264","59,440","64,833","54,812"
 Suriname,"1,355","1,167","1,474","1,729","2,000","2,393","2,812","3,144","3,783","4,150"
 Sweden,"262,834","242,395","266,848","334,337","385,119","392,219","423,091","491,255","517,706","436,536"
 Switzerland,"279,171","286,699","309,499","362,133","403,435","418,046","441,642","490,813","566,957","553,718"
 Syria,"19,861","20,979","22,758","21,702","25,204","28,881","33,824","40,488","52,631","53,939"
 Taiwan,"330,680","299,276","307,439","317,381","346,924","374,060","386,450","406,907","415,901","390,829"
 Tajikistan,991,"1,057","1,212","1,555","2,073","2,311","2,811","3,712","5,135","4,977"
 Tanzania,"12,369","12,610","13,125","14,159","15,576","17,174","18,867","21,807","27,762","28,985"
 Thailand,"126,132","120,105","134,177","152,142","172,752","189,084","221,579","263,007","290,970","281,399"
 Timor-Leste,367,477,470,490,441,462,454,543,648,727
 Togo,"2,014","2,000","2,301","2,854","3,048","3,080","3,173","3,592","4,483","4,554"
 Tonga,203,181,183,202,231,262,292,299,344,312
 Trinidad and Tobago,"8,295","8,960","9,148","11,464","13,472","16,170","18,600","22,006","28,233","19,562"
 Tunisia,"22,524","23,146","24,274","28,797","32,710","33,851","36,059","40,819","47,039","45,593"
 Turkey,"274,321","202,248","240,191","314,752","409,127","506,186","555,126","680,489","770,820","648,797"
 Turkmenistan,"8,487","11,717","14,703","19,307","23,991","29,023","36,154","43,875","36,363","34,162"
 Tuvalu,15,14,17,20,23,23,24,29,32,28
 Uganda,"7,756","7,835","8,425","8,725","10,750","12,460","14,079","17,512","22,419","24,107"
 Ukraine,"32,331","37,863","42,339","50,096","64,747","85,996","107,767","143,260","181,313","117,079"
 United Arab Emirates,"103,893","103,312","109,816","124,346","147,824","180,617","222,117","257,916","315,475","253,547"
 United Kingdom,"1,669,283","1,649,083","1,788,663","2,058,485","2,424,053","2,547,665","2,713,729","3,094,006","2,962,502","2,426,291"
 United States,"10,250,950","10,581,925","10,929,100","11,456,450","12,217,175","13,039,200","13,815,600","14,474,250","14,769,850","14,478,050"
 Uruguay,"24,786","22,705","14,800","13,103","14,896","18,905","21,325","25,495","33,010","34,418"
 Uzbekistan,"17,195","14,581","12,106","12,697","15,045","17,939","21,344","27,963","35,858","41,945"
 Vanuatu,272,257,262,315,365,390,435,517,582,590
 Venezuela,"117,596","123,119","95,258","83,684","112,254","143,375","178,521","232,857","306,764","268,624"
 Vietnam,"39,585","41,297","44,563","50,233","62,877","73,197","84,301","98,426","124,756","129,022"
 Yemen,"9,679","9,853","10,693","11,778","13,868","16,732","19,063","21,651","26,911","25,130"
 Zambia,"3,601","3,870","4,194","4,902","6,221","8,329","12,762","14,060","17,914","15,332"
 Zimbabwe,"11,340","11,244","10,735","9,574","9,465","9,046","8,141","7,785","6,707","9,666"
,,,,,,,,,,
IMF estimates between 2010 and 2019[edit],,,,,,,,,,
,,,,,,,,,,
IMF estimates between 2010 and 2019[1],,,,,,,,,,
Country (or dependent territory),2010,2011,2012,2013,2014,2015,2016,2017,2018,2019
 Afghanistan,"15,325","17,890","20,293","20,170","20,616","20,057","18,020","18,883","18,401","18,876"
 Albania,"11,937","12,899","12,324","12,784","13,246","11,389","11,862","13,053","15,157","15,399"
 Algeria,"161,207","200,020","209,059","209,755","213,810","165,979","160,034","167,498","174,868","171,673"
 Andorra,"3,446","3,625","3,189","3,193","3,267","2,789","2,895","2,993","3,217","3,155"
 Angola,"83,799","111,790","128,053","136,710","145,712","116,194","101,124","122,022","101,353","84,516"
 Antigua and Barbuda,"1,149","1,138","1,200","1,181","1,250","1,337","1,437","1,468","1,606","1,688"
 Argentina,"424,729","527,644","579,666","611,471","563,614","642,464","556,774","643,861","524,431","451,815"
 Armenia,"9,260","10,142","10,619","11,121","11,610","10,553","10,546","11,527","12,458","13,619"
 Aruba,"2,454","2,638","2,615","2,728","2,791","2,963","2,984","3,092","3,202","3,369"
 Australia,"1,254,497","1,515,076","1,569,430","1,519,024","1,456,600","1,233,101","1,263,521","1,381,624","1,417,030","1,385,258"
 Austria,"392,595","431,609","409,661","430,197","442,699","382,010","395,728","417,114","455,198","444,670"
 Azerbaijan,"52,913","65,990","69,687","74,160","75,240","50,844","37,830","41,375","47,113","48,174"
 Bahamas,"10,096","10,070","10,720","10,563","11,176","11,862","11,835","12,358","12,756","13,193"
 Bahrain,"25,713","28,777","30,749","32,539","33,388","31,051","32,235","35,474","37,802","38,654"
 Bangladesh,"138,094","154,097","159,749","179,676","207,102","233,687","265,236","293,755","321,379","351,238"
 Barbados,"4,530","4,658","4,610","4,677","4,696","4,715","4,830","4,978","5,087","5,298"
 Belarus,"57,220","61,368","65,669","75,496","78,736","56,329","47,703","54,723","60,011","64,414"
 Belgium,"481,814","523,239","496,467","521,799","535,529","462,383","475,931","502,587","543,546","535,890"
 Belize,"1,739","1,820","1,903","2,030","2,138","2,210","2,258","2,286","2,315","2,417"
 Benin,"9,543","10,691","11,148","12,518","13,288","11,389","11,818","12,697","14,257","14,392"
 Bhutan,"1,399","1,695","1,772","1,806","1,784","1,974","2,064","2,294","2,509","2,452"
 Bolivia,"19,786","24,135","27,282","30,883","33,237","33,241","34,189","37,782","40,581","41,193"
 Bosnia and Herzegovina,"17,164","18,629","17,207","18,155","18,522","16,404","17,117","18,326","20,484","20,483"
 Botswana,"12,637","15,111","13,907","14,272","15,470","13,531","15,083","16,105","17,032","16,696"
 Brazil,"2,208,704","2,614,027","2,464,053","2,471,718","2,456,055","1,800,046","1,796,622","2,063,519","1,916,934","1,873,286"
 Brunei,"13,707","18,527","19,047","18,092","17,098","12,931","11,399","12,128","13,568","13,470"
 Bulgaria,"50,683","57,680","54,299","55,812","57,082","50,782","53,949","59,322","66,428","68,920"
 Burkina Faso,"10,118","12,078","12,569","13,445","13,947","11,833","12,817","14,175","15,896","16,179"
 Burundi,"2,032","2,236","2,333","2,456","2,706","3,104","2,960","3,172","3,037","3,012"
 Cape Verde,"1,664","1,866","1,742","1,850","1,860","1,597","1,663","1,770","2,155","2,172"
 Cambodia,"11,232","12,817","14,056","15,227","16,702","18,082","20,043","22,206","24,598","27,087"
 Cameroon,"27,530","30,626","30,174","33,729","36,396","32,213","33,805","36,086","39,992","39,673"
 Canada,"1,617,345","1,793,327","1,828,362","1,846,595","1,805,751","1,556,508","1,527,996","1,649,266","1,725,300","1,743,725"
 Central African Republic,"2,141","2,435","2,512","1,692","1,896","1,696","1,825","2,072","2,279","2,278"
 Chad,"10,701","12,183","12,411","12,994","14,003","10,952","10,202","10,079","11,042","10,993"
 Chile,"217,105","251,225","267,165","277,218","259,394","242,515","249,306","276,357","295,428","278,354"
 China,"6,033,830","7,492,212","8,539,584","9,624,928","10,524,241","11,113,508","11,226,897","12,265,327","13,841,812","14,340,600"
 Colombia,"286,499","334,966","370,691","382,094","381,241","293,492","282,720","311,890","334,124","323,055"
 Comoros,909,"1,023","1,016","1,116","1,150",966,"1,013","1,077","1,179","1,188"
 Democratic Republic of the Congo,"22,340","26,406","30,074","34,908","38,355","40,154","38,086","39,461","48,037","50,891"
 Republic of the Congo,"13,159","15,653","17,704","17,959","17,918","11,891","10,217","11,091","13,676","12,910"
 Costa Rica,"37,656","42,762","47,231","50,949","52,017","56,442","58,847","60,517","62,422","64,412"
 Ivory Coast,"34,394","35,455","36,983","43,147","48,802","45,732","48,302","52,394","58,438","59,787"
 Croatia,"58,741","62,588","57,267","59,366","59,231","50,745","52,376","55,920","61,357","61,337"
 Cyprus,"25,821","27,637","25,063","23,960","23,232","19,911","21,040","22,938","25,609","25,948"
 Czech Republic,"209,070","229,563","208,858","211,686","209,359","188,033","196,272","218,629","249,001","252,548"
 Denmark,"321,995","344,003","327,149","343,584","352,994","302,673","313,116","332,121","356,841","346,499"
 Djibouti,"1,542","1,739","1,900","2,043","2,215","2,424","2,605","2,763","2,913","3,089"
 Dominica,494,501,486,498,520,541,576,522,555,612
 Dominican Republic,"53,921","58,088","60,747","62,758","67,264","71,254","75,777","80,082","85,630","89,032"
 Ecuador,"69,555","79,277","87,925","95,130","101,726","99,290","99,938","104,296","107,562","108,108"
 Egypt,"230,024","247,726","294,482","303,194","321,634","350,119","351,443","246,826","263,156","317,894"
 El Salvador,"18,448","20,284","21,386","21,991","22,593","23,438","24,191","24,979","26,021","26,881"
 Equatorial Guinea,"16,314","21,357","22,388","21,949","21,765","13,185","11,241","12,201","13,097","11,364"
 Eritrea,"1,590","2,065","2,255","1,958","2,604","2,016","2,213","1,904","2,006","1,982"
 Estonia,"19,568","23,210","23,034","25,116","26,641","22,893","24,066","26,915","30,639","31,085"
 Eswatini,"4,438","4,826","4,887","4,600","4,426","4,061","3,815","4,407","4,665","4,495"
 Ethiopia,"26,887","30,480","42,221","46,544","54,165","63,081","72,120","76,841","80,207","92,608"
 Fiji,"3,402","4,094","4,303","4,539","4,857","4,682","4,930","5,353","5,581","5,482"
 Finland,"249,628","275,556","258,454","271,366","274,934","234,558","240,705","255,558","275,833","268,545"
 France,"2,647,348","2,864,653","2,685,371","2,811,918","2,856,701","2,439,436","2,472,282","2,594,235","2,792,223","2,729,171"
 Gabon,"14,384","18,207","17,181","17,596","18,209","14,385","14,020","14,924","16,875","16,875"
 Gambia,"1,543","1,410","1,415","1,376","1,229","1,355","1,470","1,498","1,662","1,806"
 Georgia,"12,242","15,107","16,489","17,188","17,627","14,953","15,141","16,242","17,599","17,477"
 Germany,"3,402,444","3,748,655","3,529,377","3,733,859","3,890,095","3,357,926","3,468,896","3,689,547","3,976,246","3,888,655"
 Ghana,"43,327","53,849","56,854","63,702","54,285","49,437","56,144","60,385","67,259","68,353"
 Greece,"297,368","282,946","242,183","238,911","235,519","195,703","193,097","199,773","212,146","205,279"
 Grenada,771,779,800,843,911,997,"1,062","1,126","1,167","1,213"
 Guatemala,"41,493","47,419","49,902","52,989","57,835","62,180","66,034","71,624","73,331","77,154"
 Guinea,"6,858","6,775","7,387","8,376","8,777","8,790","8,604","10,325","11,857","13,443"
 Guinea-Bissau,941,"1,157","1,050","1,110","1,136","1,153","1,245","1,469","1,555","1,487"
 Guyana,"2,889","3,328","4,063","4,168","4,128","4,280","4,483","4,748","4,788","5,174"
 Haiti,"11,852","13,009","13,709","14,904","15,137","14,831","13,996","15,036","16,454","14,787"
 Honduras,"15,839","17,710","18,529","18,500","19,757","20,980","21,718","23,136","24,068","25,091"
 Hong Kong,"228,639","248,514","262,629","275,697","291,460","309,386","320,860","341,271","361,731","363,075"
 Hungary,"132,175","141,942","128,814","135,684","141,034","125,174","128,610","143,112","160,565","163,979"
 Iceland,"13,751","15,222","14,752","16,125","17,868","17,517","20,793","24,728","26,261","24,664"
 India,"1,708,460","1,823,052","1,827,637","1,856,721","2,039,127","2,103,588","2,294,797","2,651,474","2,702,930","2,835,606"
 Indonesia,"755,256","892,590","919,002","916,646","891,051","860,741","932,066","1,015,488","1,042,711","1,119,452"
 Iran,"517,899","625,430","421,882","428,321","460,809","408,288","458,042","486,829","246,318","241,658"
 Iraq,"138,517","185,750","218,032","234,638","234,651","177,634","167,807","192,343","227,186","234,019"
 Ireland,"222,096","238,959","225,771","238,344","259,237","291,805","299,009","336,259","385,911","399,366"
 Israel,"238,364","266,792","262,283","297,733","314,330","303,414","322,103","358,246","376,692","402,470"
 Italy,"2,137,845","2,294,591","2,088,280","2,141,954","2,162,567","1,836,824","1,876,554","1,961,104","2,092,881","2,011,524"
 Jamaica,"13,193","14,413","14,765","14,213","13,865","14,154","14,108","14,755","15,648","15,808"
 Japan,"5,759,072","6,233,148","6,272,362","5,212,328","4,896,995","4,444,931","5,003,678","4,930,837","5,040,881","5,117,995"
 Jordan,"27,134","29,524","31,679","34,503","36,900","38,642","39,949","41,667","43,432","45,058"
 Kazakhstan,"148,047","192,626","207,999","236,635","221,416","184,388","137,289","166,806","179,340","181,667"
 Kenya,"45,406","46,869","56,397","61,671","68,286","70,120","74,815","82,037","92,203","100,378"
 Kiribati,156,181,190,185,178,171,179,188,196,175
 South Korea,"1,143,568","1,253,419","1,278,046","1,370,633","1,484,489","1,466,039","1,499,362","1,623,074","1,725,373","1,651,423"
 Kosovo,"5,348","6,340","6,167","6,735","7,076","6,296","6,681","7,178","7,882","7,900"
 Kuwait,"115,401","154,020","174,066","174,179","162,695","114,606","109,381","120,687","138,202","136,192"
 Kyrgyzstan,"4,794","6,198","6,604","7,335","7,467","6,678","6,813","7,703","8,271","8,872"
 Laos,"7,506","8,964","10,194","11,972","13,266","14,418","15,905","17,055","18,131","18,770"
 Latvia,"23,998","27,740","28,191","30,210","31,395","27,266","28,076","30,473","34,445","34,348"
 Lebanon,"38,444","39,927","44,017","46,880","48,096","49,929","51,148","53,028","54,901","50,880"
 Lesotho,"2,356","2,571","2,465","2,345","2,477","2,202","2,206","2,424","2,484","2,375"
 Liberia,"1,966","2,340","2,675","3,044","3,090","3,092","3,256","3,321","3,264","3,080"
 Libya,"75,381","48,170","92,542","75,352","57,373","48,718","49,913","67,155","76,681","69,241"
 Lithuania,"37,195","43,584","42,952","46,537","48,611","41,440","43,035","47,742","53,776","54,758"
 Luxembourg,"56,260","61,686","59,814","65,204","68,823","60,078","62,200","65,689","71,033","69,833"
 Macau,"28,242","36,844","43,190","51,536","54,903","45,048","45,071","50,441","55,285","55,205"
 Madagascar,"9,983","11,552","11,579","12,424","12,523","11,323","11,849","13,176","13,760","14,105"
 Malawi,"9,796","11,241","8,421","7,648","8,526","9,014","7,733","8,943","9,882","11,031"
 Malaysia,"258,844","302,643","319,153","328,074","343,088","301,360","301,918","319,249","358,994","365,283"
 Maldives,"2,588","2,629","2,885","3,286","3,690","4,098","4,367","4,747","5,294","5,598"
 Mali,"10,698","12,993","12,450","13,243","14,369","13,106","14,022","15,360","17,079","17,281"
 Malta,"9,043","9,637","9,468","10,551","11,629","11,093","11,665","13,480","15,305","15,883"
 Marshall Islands,160,172,181,185,182,184,201,212,222,236
 Mauritania,"5,637","6,782","6,721","7,331","6,615","6,182","6,414","6,826","7,472","8,065"
 Mauritius,"10,138","11,673","11,826","12,293","13,074","12,007","12,594","13,714","14,736","14,436"
 Mexico,"1,057,801","1,180,487","1,201,094","1,274,444","1,315,356","1,171,870","1,078,493","1,158,912","1,222,406","1,269,010"
 Federated States of Micronesia,297,311,327,317,319,316,332,367,402,416
 Moldova,"6,977","8,417","8,708","9,496","9,510","7,726","8,072","9,515","11,252","11,737"
 Mongolia,"7,185","10,410","12,278","12,582","12,227","11,620","11,154","11,481","13,207","14,206"
 Montenegro,"4,146","4,544","4,090","4,466","4,595","4,055","4,376","4,855","5,509","5,543"
 Morocco,"100,881","109,705","106,345","115,608","119,131","110,414","111,573","118,541","127,341","128,920"
 Mozambique,"11,105","14,382","16,351","16,974","17,716","15,951","11,937","13,219","14,845","15,390"
 Myanmar,"38,084","53,916","59,000","60,903","63,153","62,655","60,090","61,267","66,699","68,802"
 Namibia,"11,281","12,423","13,016","12,168","12,434","11,450","10,719","12,883","13,676","12,539"
 Nauru,48,66,101,94,99,85,97,109,131,125
   Nepal,"18,250","21,682","21,703","22,161","22,722","24,361","24,524","28,972","33,112","34,186"
 Netherlands,"848,073","905,111","839,455","877,186","892,398","765,650","783,844","833,575","914,458","910,295"
 New Zealand,"145,362","166,939","175,037","187,139","200,159","176,213","185,898","203,558","209,623","210,828"
 Nicaragua,"8,759","9,774","10,532","10,983","11,880","12,757","13,286","13,786","13,025","12,611"
 Niger,"7,838","8,754","9,412","10,206","10,830","9,684","10,350","11,181","12,814","12,917"
 Nigeria,"369,062","414,095","460,952","514,966","568,499","492,437","404,649","375,745","421,737","448,120"
 North Macedonia,"9,415","10,499","9,751","10,824","11,378","10,067","10,686","11,336","12,694","12,609"
 Norway,"431,052","501,361","512,777","526,014","501,737","388,160","370,957","401,745","439,789","408,743"
 Oman,"64,994","77,497","87,409","89,936","92,699","78,711","75,129","80,857","91,505","88,061"
 Pakistan,"199,405","240,385","252,534","260,257","275,063","304,481","313,623","339,229","356,163","321,071"
 Palau,184,195,215,226,246,284,303,290,288,281
 Panama,"29,440","34,686","40,430","45,600","49,921","54,092","57,908","62,203","64,929","66,984"
 Papua New Guinea,"14,251","17,985","21,295","21,261","23,211","21,723","20,759","22,743","24,110","24,751"
 Paraguay,"27,129","33,737","33,296","38,651","40,378","36,211","36,090","38,997","40,225","37,925"
 Peru,"148,945","170,923","193,100","202,584","202,880","192,025","195,463","215,681","226,795","232,345"
 Philippines,"208,369","234,217","261,920","283,903","297,484","306,446","318,627","328,481","346,842","376,823"
 Poland,"475,697","524,374","495,230","515,762","539,212","476,788","469,650","524,780","588,804","595,968"
 Portugal,"238,308","245,075","216,361","226,437","229,961","199,414","206,369","221,280","242,423","240,013"
 Puerto Rico,"98,381","100,352","101,565","102,450","102,446","103,376","104,337","103,446","100,958","105,126"
 Qatar,"119,707","167,775","186,834","198,728","206,225","161,740","151,732","161,099","183,335","176,371"
 Romania,"170,294","192,835","179,243","189,830","199,981","177,877","185,334","210,529","243,498","250,993"
 Russia,"1,633,111","2,046,621","2,191,484","2,288,428","2,048,836","1,356,704","1,280,648","1,575,140","1,653,006","1,695,724"
 Rwanda,"6,122","6,881","7,651","7,816","8,235","8,542","8,691","9,253","9,643","10,355"
 Samoa,680,744,773,798,797,824,844,885,878,913
 San Marino,"1,883","1,813","1,606","1,678","1,674","1,420","1,468","1,528","1,656","1,616"
 São Tomé and Príncipe,197,233,253,303,349,318,348,376,416,431
 Saudi Arabia,"528,207","676,635","741,850","753,864","766,606","669,485","665,999","714,994","846,584","838,565"
 Senegal,"16,134","17,811","17,672","18,919","19,802","17,777","19,035","20,989","23,127","23,405"
 Serbia,"41,369","49,280","43,300","48,394","47,062","39,656","40,693","44,179","50,641","51,514"
 Seychelles,970,"1,018","1,060","1,328","1,388","1,416","1,490","1,573","1,629","1,683"
 Sierra Leone,"2,578","2,942","3,802","4,916","5,007","4,252","3,855","3,713","4,085","4,074"
 Singapore,"239,808","279,357","295,093","307,576","314,864","307,999","319,030","343,273","376,870","376,837"
 Slovakia,"91,237","99,905","94,684","98,937","101,463","88,910","89,928","95,616","106,186","105,732"
 Slovenia,"48,248","51,575","46,607","48,416","50,010","43,112","44,754","48,572","54,202","54,338"
 Solomon Islands,847,"1,050","1,185","1,286","1,336","1,308","1,379","1,470","1,615","1,619"
 Somalia,,"3,917","4,042","4,577","5,025","5,335","5,534","5,609","5,856","6,485"
 South Africa,"417,315","458,708","434,400","400,877","381,195","346,663","323,493","381,317","403,991","388,446"
 South Sudan,,"17,340","11,267","14,947","15,179","15,326","2,899","1,804","3,118","4,044"
 Spain,"1,423,270","1,480,450","1,325,590","1,355,599","1,372,174","1,196,278","1,233,215","1,312,782","1,422,347","1,394,474"
 Sri Lanka,"58,643","67,725","70,392","76,934","82,483","85,091","88,000","94,376","94,484","89,015"
 Saint Kitts and Nevis,779,836,826,875,954,958,"1,009","1,061","1,077","1,108"
 Saint Lucia,"1,482","1,568","1,598","1,660","1,749","1,807","1,865","1,997","2,057","2,094"
 Saint Vincent and the Grenadines,720,714,730,765,771,787,814,844,884,911
 Sudan,"65,716","66,448","48,948","52,892","60,726","64,534","64,888","48,906","33,432","33,564"
 Suriname,"4,677","4,735","5,332","5,510","5,612","5,126","3,317","3,592","3,996","3,984"
 Sweden,"495,813","574,094","552,484","586,842","581,964","505,104","515,655","541,019","555,455","533,880"
 Switzerland,"598,226","715,644","686,373","706,404","726,684","693,937","687,550","695,258","725,766","721,824"
 Syria,"60,043",,,,,,,,,
 Taiwan,"444,281","483,974","495,610","512,943","535,328","534,515","543,081","590,733","609,198","611,396"
 Tajikistan,"5,642","6,523","7,592","8,506","9,242","7,857","6,994","7,535","7,762","8,301"
 Tanzania,"31,533","34,067","39,651","45,681","50,002","47,384","49,774","53,227","56,699","60,701"
 Thailand,"340,928","370,929","397,722","420,364","407,373","401,142","413,497","456,523","506,547","543,923"
 Timor-Leste,882,"1,042","1,160","1,396","1,447","1,594","1,651","1,596","1,564","2,029"
 Togo,"4,630","5,223","5,229","5,831","6,174","5,641","6,030","6,393","7,115","7,221"
 Tonga,367,415,471,451,440,437,421,460,481,511
 Trinidad and Tobago,"22,522","25,789","27,122","28,557","29,489","26,852","23,505","23,798","24,322","23,850"
 Tunisia,"46,210","48,122","47,311","48,681","50,273","45,779","44,360","42,167","42,687","41,905"
 Turkey,"776,558","838,508","880,141","957,504","938,512","864,071","869,280","858,932","779,694","759,450"
 Turkmenistan,"34,788","44,070","49,858","51,301","55,523","44,060","41,698","46,365","48,686","52,961"
 Tuvalu,32,40,39,39,39,37,41,45,48,54
 Uganda,"24,683","27,501","30,939","32,331","33,122","27,650","29,596","31,402","34,183","38,055"
 Ukraine,"136,011","163,059","175,781","183,310","133,392","90,922","93,349","112,127","130,905","153,904"
 United Arab Emirates,"289,787","350,666","384,610","400,219","414,105","370,276","369,255","390,517","427,049","417,990"
 United Kingdom,"2,493,844","2,667,317","2,706,822","2,788,128","3,066,819","2,935,506","2,709,678","2,685,637","2,881,845","2,858,728"
 United States,"15,048,975","15,599,725","16,253,950","16,843,225","17,550,675","18,206,025","18,695,100","19,477,350","20,533,075","21,380,950"
 Uruguay,"43,780","52,132","55,701","62,590","62,280","57,971","57,335","64,295","64,541","61,238"
 Uzbekistan,"49,772","60,213","67,520","73,192","80,848","85,662","85,658","62,081","52,870","60,284"
 Vanuatu,652,738,736,755,774,744,775,880,929,930
 Venezuela,"318,281","316,482","372,592","258,931","214,690","125,449","112,915","115,883","102,021","73,003"
 Vietnam,"143,212","171,312","195,169","212,728","232,888","236,795","252,146","277,071","304,470","331,818"
 Palestine,"9,682","11,186","12,208","13,516","13,990","13,972","15,405","16,128","16,277","17,134"
 Yemen,"30,907","32,726","35,401","40,415","43,229","42,444","31,318","26,842","21,606","21,888"
 Zambia,"20,264","23,455","25,502","28,042","27,145","21,245","20,965","25,874","26,312","23,309"
 Zimbabwe,"12,042","14,100","17,116","19,093","19,499","19,969","20,555","21,385","36,945","26,032"
