Country Name,Country Code_x,Indicator Name_x,Indicator Code_x,1960_x,1961_x,1962_x,1963_x,1964_x,1965_x,1966_x,1967_x,1968_x,1969_x,1970_x,1971_x,1972_x,1973_x,1974_x,1975_x,1976_x,1977_x,1978_x,1979_x,1980_x,1981_x,1982_x,1983_x,1984_x,1985_x,1986_x,1987_x,1988_x,1989_x,1990_x,1991_x,1992_x,1993_x,1994_x,1995_x,1996_x,1997_x,1998_x,1999_x,2000_x,2001_x,2002_x,2003_x,2004_x,2005_x,2006_x,2007_x,2008_x,2009_x,2010_x,2011_x,2012_x,2013_x,2014_x,2015_x,2016_x,2017_x,2018_x,2019_x,2020_x,2021_x,Unnamed: 66,Country Code_y,Indicator Name_y,Indicator Code_y,1960_y,1961_y,1962_y,1963_y,1964_y,1965_y,1966_y,1967_y,1968_y,1969_y,1970_y,1971_y,1972_y,1973_y,1974_y,1975_y,1976_y,1977_y,1978_y,1979_y,1980_y,1981_y,1982_y,1983_y,1984_y,1985_y,1986_y,1987_y,1988_y,1989_y,1990_y,1991_y,1992_y,1993_y,1994_y,1995_y,1996_y,1997_y,1998_y,1999_y,2000_y,2001_y,2002_y,2003_y,2004_y,2005_y,2006_y,2007_y,2008_y,2009_y,2010_y,2011_y,2012_y,2013_y,2014_y,2015_y,2016_y,2017_y,2018_y,2019_y,2020_y,2021_y
Australia,AUS,"Population, total",SP.POP.TOTL,10276477.0,10483000.0,10742000.0,10950000.0,11167000.0,11388000.0,11651000.0,11799000.0,12009000.0,12263000.0,12507000.0,12937000.0,13177000.0,13380000.0,13723000.0,13893000.0,14033000.0,14192000.0,14358000.0,14514000.0,14692000.0,14923260.0,15184247.0,15393472.0,15579391.0,15788312.0,16018350.0,16263874.0,16532164.0,16814416.0,17065128.0,17284036.0,17478635.0,17634808.0,17805468.0,18004882.0,18224767.0,18423037.0,18607584.0,18812264.0,19028802.0,19274701.0,19495210.0,19720737.0,19932722.0,20176844.0,20450966.0,20827622.0,21249199.0,21691653.0,22031750.0,22340024.0,22733465.0,23128129.0,23475686.0,23815995.0,24190907.0,24594202.0,24966643.0,25340217.0,25655289.0,25688079.0,,AUS,GDP (current US$),NY.GDP.MKTP.CD,18605666928.0,19681935267.0,19921603763.0,21538806137.0,23799977601.0,25974913204.0,27306529287.0,30441258820.0,32712509800.0,36681599283.0,41331616082.0,45214469705.0,52042056075.0,63832158873.0,88963890936.0,97304383449.0,105066000000.0,110351000000.0,118495000000.0,134898000000.0,149984000000.0,176892000000.0,194037000000.0,177267000000.0,193519000000.0,180634000000.0,182472000000.0,189488000000.0,236154000000.0,299878000000.0,311434000000.0,325987000000.0,325532000000.0,312138000000.0,322809000000.0,368141000000.0,401311000000.0,435614000000.0,399661000000.0,389390000000.0,415851000000.0,379358000000.0,395581000000.0,467498000000.0,614326000000.0,695329000000.0,747907000000.0,854427000000.0,1055640000000.0,928627000000.0,1148610000000.0,1398410000000.0,1546890000000.0,1576380000000.0,1467550000000.0,1350620000000.0,1206540000000.0,1326520000000.0,1428290000000.0,1392230000000.0,1326900000000.0,1552670000000.0
Austria,AUT,"Population, total",SP.POP.TOTL,7047539.0,7086299.0,7129864.0,7175811.0,7223801.0,7270889.0,7322066.0,7376998.0,7415403.0,7441055.0,7467086.0,7500482.0,7544201.0,7586115.0,7599038.0,7578903.0,7565525.0,7568430.0,7562305.0,7549425.0,7549433.0,7568710.0,7574140.0,7561910.0,7561434.0,7564985.0,7569794.0,7574586.0,7585317.0,7619567.0,7677850.0,7754891.0,7840709.0,7905633.0,7936118.0,7948278.0,7959017.0,7968041.0,7976789.0,7992324.0,8011566.0,8042293.0,8081957.0,8121423.0,8171966.0,8227829.0,8268641.0,8295487.0,8321496.0,8343323.0,8363404.0,8391643.0,8429991.0,8479823.0,8546356.0,8642699.0,8736668.0,8797566.0,8840521.0,8879920.0,8916864.0,8955797.0,,AUT,GDP (current US$),NY.GDP.MKTP.CD,6592693841.0,7311749633.0,7756110210.0,8374175258.0,9169983886.0,9994070616.0,10887682273.0,11579431669.0,12440625313.0,13582798556.0,15373005557.0,17858486067.0,22059612477.0,29515467707.0,35189299912.0,40059206763.0,42959976222.0,51545758888.0,62052259073.0,73937296963.0,82058912997.0,71034228443.0,71275287570.0,72121016547.0,67985344887.0,69386774408.0,99036164939.0,124168000000.0,133339000000.0,133106000000.0,166463000000.0,173794000000.0,195078000000.0,190380000000.0,203535000000.0,241038000000.0,237251000000.0,212790000000.0,218260000000.0,217259000000.0,197290000000.0,197509000000.0,214395000000.0,262274000000.0,301458000000.0,316092000000.0,336280000000.0,389186000000.0,432052000000.0,401759000000.0,392275000000.0,431685000000.0,409402000000.0,430191000000.0,442585000000.0,381971000000.0,395837000000.0,417261000000.0,454991000000.0,444621000000.0,435225000000.0,480368000000.0
Belgium,BEL,"Population, total",SP.POP.TOTL,9153489.0,9183948.0,9220578.0,9289770.0,9378113.0,9463667.0,9527807.0,9580991.0,9618756.0,9646032.0,9655549.0,9673162.0,9711115.0,9741720.0,9772419.0,9800700.0,9818227.0,9830358.0,9839534.0,9848382.0,9859242.0,9858982.0,9856303.0,9855520.0,9855372.0,9858308.0,9861823.0,9870234.0,9901664.0,9937697.0,9967379.0,10004486.0,10045158.0,10084475.0,10115603.0,10136811.0,10156637.0,10181245.0,10203008.0,10226419.0,10251250.0,10286570.0,10332785.0,10376133.0,10421137.0,10478617.0,10547958.0,10625700.0,10709973.0,10796493.0,10895586.0,11038264.0,11106932.0,11159407.0,11209057.0,11274196.0,11331422.0,11375158.0,11427054.0,11488980.0,11538604.0,11592952.0,,BEL,GDP (current US$),NY.GDP.MKTP.CD,11658722591.0,12400145222.0,13264015675.0,14260017387.0,15960106681.0,17371457608.0,18651883472.0,19992040788.0,21376353113.0,23710735895.0,26706196047.0,29821661870.0,37209418019.0,47743801490.0,56033077879.0,65678189097.0,71113882968.0,82839905459.0,101247000000.0,116315000000.0,126829000000.0,104730000000.0,92095926188.0,87184239053.0,83349530159.0,86268264148.0,120019000000.0,149394000000.0,162299000000.0,164221000000.0,205332000000.0,210511000000.0,234782000000.0,224722000000.0,244884000000.0,288026000000.0,279201000000.0,252708000000.0,258528000000.0,258246000000.0,236792000000.0,236746000000.0,258384000000.0,318083000000.0,369215000000.0,385715000000.0,408260000000.0,470922000000.0,517328000000.0,483254000000.0,481421000000.0,523330000000.0,496153000000.0,521791000000.0,535390000000.0,462336000000.0,476063000000.0,502765000000.0,543299000000.0,535831000000.0,525212000000.0,594104000000.0
Canada,CAN,"Population, total",SP.POP.TOTL,17909356.0,18271000.0,18614000.0,18964000.0,19325000.0,19678000.0,20048000.0,20412000.0,20744000.0,21028000.0,21324000.0,21962032.0,22218463.0,22491777.0,22807969.0,23143275.0,23449808.0,23725843.0,23963203.0,24201544.0,24515667.0,24819915.0,25116942.0,25366451.0,25607053.0,25842116.0,26100278.0,26446601.0,26791747.0,27276781.0,27691138.0,28037420.0,28371264.0,28684764.0,29000663.0,29302311.0,29610218.0,29905948.0,30155173.0,30401286.0,30685730.0,31020902.0,31360079.0,31644028.0,31940655.0,32243753.0,32571174.0,32889025.0,33247118.0,33628895.0,34004889.0,34339328.0,34714222.0,35082954.0,35437435.0,35702908.0,36109487.0,36545236.0,37065084.0,37601230.0,38037204.0,38246108.0,,CAN,GDP (current US$),NY.GDP.MKTP.CD,40461721693.0,40934952064.0,42227447632.0,45029988561.0,49377522897.0,54515179581.0,61088384037.0,65668655501.0,71829810520.0,79148411662.0,87896095320.0,99271961775.0,113083000000.0,131322000000.0,160409000000.0,173834000000.0,206576000000.0,211612000000.0,218633000000.0,243072000000.0,273854000000.0,306215000000.0,313507000000.0,340548000000.0,355373000000.0,364756000000.0,377438000000.0,431317000000.0,507354000000.0,565056000000.0,593930000000.0,610328000000.0,592388000000.0,577171000000.0,578139000000.0,604032000000.0,628546000000.0,654987000000.0,634000000000.0,678412000000.0,744773000000.0,738982000000.0,760649000000.0,895541000000.0,1026690000000.0,1173110000000.0,1319260000000.0,1468820000000.0,1552990000000.0,1374630000000.0,1617340000000.0,1793330000000.0,1828370000000.0,1846600000000.0,1805750000000.0,1556510000000.0,1527990000000.0,1649270000000.0,1725330000000.0,1742020000000.0,1645420000000.0,1988340000000.0
Chile,CHL,"Population, total",SP.POP.TOTL,8141820.0,8313535.0,8486120.0,8656006.0,8825046.0,8994936.0,9161649.0,9326268.0,9491502.0,9656299.0,9820481.0,9984378.0,10145765.0,10307842.0,10472743.0,10639531.0,10804869.0,10969861.0,11137748.0,11304331.0,11469828.0,11637613.0,11807408.0,11976513.0,12147758.0,12326396.0,12514502.0,12712784.0,12918389.0,13128619.0,13342868.0,13561945.0,13782297.0,13998386.0,14210674.0,14416796.0,14615483.0,14809289.0,14996742.0,15176410.0,15351799.0,15523978.0,15693790.0,15859112.0,16017966.0,16175311.0,16334575.0,16495538.0,16661462.0,16833447.0,17004162.0,17173573.0,17341771.0,17509925.0,17687108.0,17870124.0,18083879.0,18368577.0,18701450.0,19039485.0,19300315.0,19493184.0,,CHL,GDP (current US$),NY.GDP.MKTP.CD,4110000000.0,4609727273.0,5416272727.0,5668187500.0,5982347826.0,6026593750.0,7072641026.0,7013196078.0,7167086957.0,8377093023.0,9126309735.0,10884114754.0,11853817308.0,16836261173.0,16210404184.0,7622217352.0,10341925249.0,13962893422.0,15989933708.0,21803696985.0,29036709872.0,34509878044.0,25325893206.0,20355959237.0,19622527480.0,17702885394.0,18891048819.0,22255407685.0,26040229793.0,29885685143.0,33113887819.0,37834793730.0,45964327559.0,49297773130.0,57008425296.0,73447063319.0,78574385336.0,85728899954.0,81995304456.0,75596103237.0,78249883996.0,71517080041.0,70294892400.0,76507577235.0,99079230170.0,122315000000.0,153840000000.0,172566000000.0,179663000000.0,171413000000.0,217105000000.0,251225000000.0,267176000000.0,277239000000.0,259405000000.0,242497000000.0,249299000000.0,276365000000.0,295403000000.0,278585000000.0,252727000000.0,317059000000.0
Colombia,COL,"Population, total",SP.POP.TOTL,15687688.0,16182414.0,16691282.0,17210956.0,17739754.0,18275814.0,18811407.0,19343961.0,19872503.0,20392264.0,20905254.0,21405413.0,21898055.0,22396318.0,22897871.0,23403731.0,23913002.0,24443926.0,25003608.0,25579323.0,26176195.0,26785982.0,27405194.0,28042329.0,28689032.0,29326260.0,29960101.0,30603048.0,31256727.0,31923117.0,32601393.0,33272628.0,33939039.0,34614735.0,35295461.0,35970101.0,36632573.0,37291946.0,37944414.0,38585033.0,39215135.0,39837875.0,40454050.0,41057687.0,41648268.0,42220940.0,42772910.0,43306582.0,43815313.0,44313917.0,44816108.0,45308899.0,45782417.0,46237930.0,46677947.0,47119728.0,47625955.0,48351671.0,49276961.0,50187406.0,50930662.0,51516562.0,,COL,GDP (current US$),NY.GDP.MKTP.CD,4031152977.0,4540447761.0,4955543963.0,4836166667.0,5973366667.0,5760761905.0,5428518519.0,5825170438.0,5960212869.0,6450175214.0,7198360460.0,7820380971.0,8671358733.0,10315760000.0,12370029584.0,13098633902.0,15341403660.0,19470960619.0,23263511958.0,27940411250.0,33400735644.0,36388366869.0,38968039722.0,38729822782.0,38253120738.0,34894411352.0,34942489684.0,36373307085.0,39212550050.0,39540080200.0,47844090710.0,49175565911.0,58418985443.0,66446804803.0,81703500846.0,92507279383.0,97160109278.0,106660000000.0,98443739941.0,86186158685.0,99886577331.0,98211749596.0,97963003805.0,94641378693.0,117082000000.0,145619000000.0,161619000000.0,206182000000.0,242187000000.0,232398000000.0,286563000000.0,334944000000.0,370921000000.0,382116000000.0,381112000000.0,293482000000.0,282825000000.0,311884000000.0,334198000000.0,323110000000.0,270300000000.0,314464000000.0
Costa Rica,CRI,"Population, total",SP.POP.TOTL,1346302.0,1396138.0,1447037.0,1498647.0,1550661.0,1602736.0,1654619.0,1706062.0,1756333.0,1805968.0,1855697.0,1905486.0,1955547.0,2006247.0,2058235.0,2111850.0,2167544.0,2225630.0,2286210.0,2349258.0,2414303.0,2481334.0,2550780.0,2622532.0,2696200.0,2771463.0,2847849.0,2924595.0,3001461.0,3079001.0,3158253.0,3239414.0,3321939.0,3405372.0,3489152.0,3572856.0,3656234.0,3739421.0,3821421.0,3901430.0,3979193.0,4053222.0,4122623.0,4188610.0,4252800.0,4315887.0,4378172.0,4440019.0,4501921.0,4563127.0,4622252.0,4679926.0,4736593.0,4791535.0,4844288.0,4895242.0,4945205.0,4993842.0,5040734.0,5084532.0,5123105.0,5153957.0,,CRI,GDP (current US$),NY.GDP.MKTP.CD,507513830.0,490325181.6,479180824.3,511902136.8,542578367.2,592981162.3,647305630.2,699456618.9,773841494.3,853630203.8,984830158.5,1077152902.0,1238251696.0,1528916185.0,1666544754.0,1960863466.0,2412555426.0,3072427013.0,3523208810.0,4035519323.0,4831447001.0,2623807074.0,2606621255.0,3146770104.0,3660476459.0,3919203960.0,4418983871.0,4532952047.0,4614629898.0,5251025767.0,5711687787.0,7196276092.0,8564044017.0,9582866263.0,10486784805.0,11578594260.0,11678424507.0,12614602382.0,13684255947.0,14254866281.0,15013629659.0,15976174337.0,16578820687.0,17271760507.0,18610594846.0,20040642477.0,22715540324.0,26884700345.0,30801744881.0,30745712007.0,37658614803.0,42762617082.0,47231651863.0,50949672206.0,52016408951.0,56441917653.0,58847016045.0,60516043590.0,62420165100.0,64417670083.0,62158002233.0,64282438667.0
Denmark,DNK,"Population, total",SP.POP.TOTL,4579603.0,4611687.0,4647727.0,4684483.0,4722072.0,4759012.0,4797381.0,4835354.0,4864883.0,4891860.0,4928757.0,4963126.0,4991596.0,5021861.0,5045297.0,5059862.0,5072596.0,5088419.0,5104248.0,5116801.0,5123027.0,5121572.0,5117810.0,5114297.0,5111619.0,5113691.0,5120534.0,5127024.0,5129516.0,5132594.0,5140939.0,5154298.0,5171370.0,5188628.0,5206180.0,5233373.0,5263074.0,5284991.0,5304219.0,5321799.0,5339616.0,5358783.0,5375931.0,5390574.0,5404523.0,5419432.0,5437272.0,5461438.0,5493621.0,5523095.0,5547683.0,5570572.0,5591572.0,5614932.0,5643475.0,5683483.0,5728010.0,5764980.0,5793636.0,5814422.0,5831404.0,5856733.0,,DNK,GDP (current US$),NY.GDP.MKTP.CD,,,,,,,11931739859.0,13059064375.0,13505573867.0,15414902267.0,17075457600.0,19085731252.0,23232379952.0,30730626663.0,34160444798.0,40474406216.0,44575892473.0,49784338519.0,60362931854.0,70366241969.0,71127528700.0,61877813965.0,60412844679.0,60644782176.0,59105236854.0,62658568287.0,88078760104.0,109414000000.0,115553000000.0,112409000000.0,138247000000.0,139225000000.0,152916000000.0,143196000000.0,156162000000.0,185007000000.0,187632000000.0,173538000000.0,176992000000.0,177965000000.0,164159000000.0,164791000000.0,178635000000.0,218096000000.0,251373000000.0,264467000000.0,282885000000.0,319423000000.0,353361000000.0,321241000000.0,321995000000.0,344003000000.0,327149000000.0,343584000000.0,352994000000.0,302673000000.0,313116000000.0,332121000000.0,356841000000.0,346499000000.0,355222000000.0,398303000000.0
Estonia,EST,"Population, total",SP.POP.TOTL,1211537.0,1225077.0,1241623.0,1258857.0,1277086.0,1294566.0,1308597.0,1318946.0,1331214.0,1345249.0,1360076.0,1376955.0,1392518.0,1405951.0,1418169.0,1429352.0,1439576.0,1450211.0,1460188.0,1468333.0,1477219.0,1487666.0,1498414.0,1508745.0,1518617.0,1528781.0,1540190.0,1552221.0,1561900.0,1568131.0,1569174.0,1561314.0,1533091.0,1494128.0,1462514.0,1436634.0,1415594.0,1399535.0,1386156.0,1390244.0,1396985.0,1388115.0,1379350.0,1370720.0,1362550.0,1354775.0,1346810.0,1340680.0,1337090.0,1334515.0,1331475.0,1327439.0,1322696.0,1317997.0,1314545.0,1315407.0,1315790.0,1317384.0,1321977.0,1326898.0,1329522.0,1330932.0,,EST,GDP (current US$),NY.GDP.MKTP.CD,,,,,,,,,,,,,,,,,,,,,,,,,,,,,,,,,,,,4502970889.0,4786018988.0,5154420649.0,5674080543.0,5756912266.0,5686579748.0,6254649539.0,7367975888.0,9874013098.0,12145911801.0,14106790200.0,17022870405.0,22449129483.0,24341678629.0,19633031398.0,19523477326.0,23213994093.0,23019150071.0,25115753366.0,26634083965.0,22890762090.0,24072829277.0,26924385103.0,30624720196.0,31081901909.0,31370395573.0,37191166152.0
Finland,FIN,"Population, total",SP.POP.TOTL,4429634.0,4461005.0,4491443.0,4523309.0,4548543.0,4563732.0,4580869.0,4605744.0,4626469.0,4623785.0,4606307.0,4612124.0,4639657.0,4666081.0,4690574.0,4711440.0,4725664.0,4738902.0,4752528.0,4764690.0,4779535.0,4799964.0,4826933.0,4855787.0,4881803.0,4902206.0,4918154.0,4932123.0,4946481.0,4964371.0,4986431.0,5013740.0,5041992.0,5066447.0,5088333.0,5107790.0,5124573.0,5139835.0,5153498.0,5165474.0,5176209.0,5188008.0,5200598.0,5213014.0,5228172.0,5246096.0,5266268.0,5288720.0,5313399.0,5338871.0,5363352.0,5388272.0,5413971.0,5438972.0,5461512.0,5479531.0,5495303.0,5508214.0,5515525.0,5521606.0,5529543.0,5541017.0,,FIN,GDP (current US$),NY.GDP.MKTP.CD,5224102196.0,5921659485.0,6340580854.0,6885920329.0,7766655086.0,8589340019.0,9208524505.0,9368954010.0,8823033880.0,10070766721.0,11357516988.0,12527405513.0,14743186120.0,19472363467.0,24848821490.0,29472623242.0,31849513771.0,33499799321.0,36256160289.0,44465255686.0,53645202423.0,52448332874.0,52797582336.0,50973526900.0,52888800950.0,55875863392.0,73531550551.0,91594751792.0,109059000000.0,119012000000.0,141438000000.0,127774000000.0,112533000000.0,89214114708.0,103300000000.0,134190000000.0,132129000000.0,126912000000.0,134039000000.0,135264000000.0,126020000000.0,129533000000.0,140404000000.0,171652000000.0,197479000000.0,204885000000.0,217089000000.0,256378000000.0,285716000000.0,253498000000.0,249424000000.0,275604000000.0,258290000000.0,271362000000.0,274863000000.0,234534000000.0,240771000000.0,255648000000.0,275708000000.0,268515000000.0,271892000000.0,297302000000.0
France,FRA,"Population, total",SP.POP.TOTL,46649927.0,47161641.0,47679792.0,48189939.0,48733997.0,49282756.0,49817041.0,50334012.0,50817020.0,51272683.0,51724116.0,52185222.0,52637888.0,53053660.0,53415250.0,53715733.0,53966558.0,54221988.0,54486195.0,54753575.0,55052582.0,55371044.0,55694106.0,55992656.0,56275701.0,56569195.0,56865193.0,57168409.0,57472651.0,57766282.0,58044701.0,58557577.0,58849943.0,59106166.0,59327585.0,59543659.0,59756533.0,59969944.0,60192790.0,60504420.0,60921384.0,61367388.0,61816234.0,62256970.0,62716306.0,63188395.0,63628261.0,64021737.0,64379696.0,64710879.0,65030575.0,65345233.0,65662240.0,66002289.0,66312067.0,66548272.0,66724104.0,66918020.0,67158348.0,67388001.0,67571107.0,67749632.0,,FRA,GDP (current US$),NY.GDP.MKTP.CD,62225478001.0,67461644222.0,75607529810.0,84759195106.0,94007851047.0,101537000000.0,110046000000.0,118973000000.0,129785000000.0,141903000000.0,148456000000.0,165967000000.0,203494000000.0,264430000000.0,285552000000.0,360832000000.0,372319000000.0,410279000000.0,506708000000.0,613953000000.0,701288000000.0,615552000000.0,584878000000.0,559869000000.0,530684000000.0,553138000000.0,771471000000.0,934173000000.0,1018850000000.0,1025210000000.0,1269180000000.0,1269280000000.0,1401470000000.0,1322820000000.0,1393980000000.0,1601090000000.0,1605680000000.0,1452880000000.0,1503110000000.0,1493150000000.0,1365640000000.0,1377660000000.0,1501410000000.0,1844540000000.0,2119630000000.0,2196950000000.0,2320540000000.0,2660590000000.0,2930300000000.0,2700890000000.0,2645190000000.0,2865160000000.0,2683670000000.0,2811880000000.0,2855960000000.0,2439190000000.0,2472960000000.0,2595150000000.0,2790960000000.0,2728870000000.0,2639010000000.0,2957880000000.0
Germany,DEU,"Population, total",SP.POP.TOTL,72814900.0,73377632.0,74025784.0,74714353.0,75318337.0,75963695.0,76600311.0,76951336.0,77294314.0,77909682.0,78169289.0,78312842.0,78688452.0,78936666.0,78967433.0,78673554.0,78336950.0,78159814.0,78091820.0,78126350.0,78288576.0,78407907.0,78333366.0,78128282.0,77858685.0,77684873.0,77720436.0,77839920.0,78144619.0,78751283.0,79433029.0,80013896.0,80624598.0,81156363.0,81438348.0,81678051.0,81914831.0,82034771.0,82047195.0,82100243.0,82211508.0,82349925.0,82488495.0,82534176.0,82516260.0,82469422.0,82376451.0,82266372.0,82110097.0,81902307.0,81776930.0,80274983.0,80425823.0,80645605.0,80982500.0,81686611.0,82348669.0,82657002.0,82905782.0,83092962.0,83160871.0,83196078.0,,DEU,GDP (current US$),NY.GDP.MKTP.CD,,,,,,,,,,,215838000000.0,249985000000.0,299802000000.0,398374000000.0,445303000000.0,490637000000.0,519754000000.0,600498000000.0,740470000000.0,881345000000.0,950291000000.0,800472000000.0,776576000000.0,770684000000.0,725111000000.0,732535000000.0,1046260000000.0,1298180000000.0,1401230000000.0,1398970000000.0,1771670000000.0,1868950000000.0,2131570000000.0,2071320000000.0,2205070000000.0,2585790000000.0,2497240000000.0,2211990000000.0,2238990000000.0,2194950000000.0,1947980000000.0,1945790000000.0,2078480000000.0,2501640000000.0,2814350000000.0,2846860000000.0,2994700000000.0,3425580000000.0,3745260000000.0,3411260000000.0,3399670000000.0,3749310000000.0,3527140000000.0,3733800000000.0,3889090000000.0,3357590000000.0,3469850000000.0,3690850000000.0,3974440000000.0,3888230000000.0,3889670000000.0,4259930000000.0
Greece,GRC,"Population, total",SP.POP.TOTL,8331725.0,8398050.0,8448233.0,8479625.0,8510429.0,8550333.0,8613651.0,8684088.0,8740765.0,8772764.0,8792806.0,8831036.0,8888628.0,8929086.0,8962022.0,9046541.0,9188150.0,9308479.0,9429959.0,9548258.0,9642505.0,9729350.0,9789513.0,9846627.0,9895801.0,9934300.0,9967213.0,10000595.0,10036983.0,10089498.0,10196792.0,10319927.0,10399061.0,10460415.0,10512922.0,10562153.0,10608800.0,10661259.0,10720509.0,10761698.0,10805808.0,10862132.0,10902022.0,10928070.0,10955141.0,10987314.0,11020362.0,11048473.0,11077841.0,11107017.0,11121341.0,11104899.0,11045011.0,10965211.0,10892413.0,10820883.0,10775971.0,10754679.0,10732882.0,10721582.0,10698599.0,10641221.0,,GRC,GDP (current US$),NY.GDP.MKTP.CD,4335186017.0,4961400439.0,5213047711.0,5895278024.0,6669673257.0,7689154053.0,8591517944.0,9275600800.0,10090675903.0,11615657031.0,13139863636.0,14591750000.0,16885511364.0,22347848101.0,25351306818.0,28525876727.0,31152835821.0,36176234968.0,44270204082.0,54481876725.0,56829664269.0,52346506765.0,54617989796.0,49428873839.0,48020024184.0,47820851221.0,56379593476.0,65652750377.0,76261277925.0,79169043223.0,97891092003.0,105143000000.0,116225000000.0,108809000000.0,116602000000.0,136878000000.0,145862000000.0,143158000000.0,144428000000.0,142589000000.0,130458000000.0,136309000000.0,154564000000.0,202370000000.0,240964000000.0,247875000000.0,273547000000.0,318903000000.0,355909000000.0,331309000000.0,297125000000.0,282996000000.0,242029000000.0,238908000000.0,235458000000.0,195684000000.0,193148000000.0,199844000000.0,212049000000.0,205257000000.0,188926000000.0,214874000000.0
Hungary,HUN,"Population, total",SP.POP.TOTL,9983967.0,10029321.0,10061734.0,10087947.0,10119835.0,10147935.0,10178653.0,10216604.0,10255815.0,10298723.0,10337910.0,10367537.0,10398489.0,10432055.0,10478720.0,10540525.0,10598677.0,10648031.0,10684822.0,10704152.0,10711122.0,10711848.0,10705535.0,10689463.0,10668095.0,10648713.0,10630564.0,10612741.0,10596487.0,10481719.0,10373988.0,10373400.0,10369341.0,10357523.0,10343355.0,10328965.0,10311238.0,10290486.0,10266570.0,10237530.0,10210971.0,10187576.0,10158608.0,10129552.0,10107146.0,10087065.0,10071370.0,10055780.0,10038188.0,10022650.0,10000023.0,9971727.0,9920362.0,9893082.0,9866468.0,9843028.0,9814023.0,9787966.0,9775564.0,9771141.0,9750149.0,9709891.0,,HUN,GDP (current US$),NY.GDP.MKTP.CD,,,,,,,,,,,,,,,,,,,,,,,,,,,,,,,,34753569693.0,38730585922.0,40124916941.0,43166678735.0,46425677734.0,46658755152.0,47296952929.0,48706787306.0,49073380174.0,47218405892.0,53749989092.0,67608919144.0,85285062818.0,104121000000.0,113211000000.0,115716000000.0,140187000000.0,158326000000.0,131069000000.0,132175000000.0,141942000000.0,128814000000.0,135684000000.0,141034000000.0,125174000000.0,128610000000.0,143112000000.0,160565000000.0,163989000000.0,157182000000.0,181848000000.0
Iceland,ISL,"Population, total",SP.POP.TOTL,175574.0,179029.0,182378.0,185653.0,188983.0,192286.0,195570.0,198751.0,201488.0,203369.0,204438.0,206098.0,209137.0,212317.0,215209.0,217979.0,220154.0,221799.0,223537.0,225735.0,228138.0,230755.0,233860.0,236977.0,239511.0,241405.0,243180.0,245859.0,249740.0,252852.0,254826.0,257797.0,261057.0,263725.0,266021.0,267468.0,268916.0,271128.0,274047.0,277381.0,281205.0,284968.0,287523.0,289521.0,292074.0,296734.0,303782.0,311566.0,317414.0,318499.0,318041.0,319014.0,320716.0,323764.0,327386.0,330815.0,335439.0,343400.0,352721.0,360563.0,366463.0,372520.0,,ISL,GDP (current US$),NY.GDP.MKTP.CD,248434097.0,253885656.3,284916516.2,340061650.1,434267936.9,523694949.4,628893310.4,621225962.2,474399471.6,414709311.4,526704545.5,670251136.4,839652164.1,1154440253.0,1515190595.0,1406875081.0,1669488390.0,2208509076.0,2511826196.0,2853435054.0,3381419251.0,3492997010.0,3206626645.0,2765950336.0,2864441387.0,2984052357.0,3989622739.0,5520318405.0,6106635816.0,5672569449.0,6468736356.0,6909730288.0,7080981738.0,6218581532.0,6389460343.0,7123633418.0,7426082271.0,7569672925.0,8503693099.0,8982047589.0,9025660362.0,8234846805.0,9318395055.0,11429333038.0,13825302536.0,16852963067.0,17465318552.0,21652505597.0,18074622987.0,13154414219.0,13751161918.0,15221622926.0,14751508134.0,16125060515.0,17867662178.0,17517210519.0,20793168031.0,24728285177.0,26264127687.0,24826102120.0,21694674810.0,25602419210.0
Ireland,IRL,"Population, total",SP.POP.TOTL,2828600.0,2824400.0,2836050.0,2852650.0,2866550.0,2877300.0,2888800.0,2902450.0,2915550.0,2932650.0,2957250.0,2992050.0,3036850.0,3085950.0,3137500.0,3189550.0,3238050.0,3282200.0,3329100.0,3373750.0,3412800.0,3453000.0,3485800.0,3510600.0,3532423.0,3538082.0,3539690.0,3540057.0,3524949.0,3511009.0,3513974.0,3534235.0,3558430.0,3576261.0,3590386.0,3608841.0,3637510.0,3674171.0,3712696.0,3754786.0,3805174.0,3866243.0,3931947.0,3996521.0,4070262.0,4159914.0,4273591.0,4398942.0,4489544.0,4535375.0,4560155.0,4580084.0,4599533.0,4623816.0,4657740.0,4701957.0,4755335.0,4807388.0,4867316.0,4934340.0,4985382.0,5033165.0,,IRL,GDP (current US$),NY.GDP.MKTP.CD,1939329775.0,2088012282.0,2260349684.0,2430843768.0,2766608946.0,2945704143.0,3104034393.0,3343636773.0,3278584478.0,3787077344.0,4395995086.0,5098250287.0,6318060582.0,7481173066.0,7896860615.0,9483808362.0,9453756015.0,11248340431.0,14647996074.0,18319334300.0,21747855640.0,20670190138.0,21474752962.0,20766047764.0,20106648455.0,21270013326.0,28714571852.0,33920518493.0,37772896221.0,39238392678.0,49305632408.0,49787501584.0,55918538121.0,52417477614.0,57097656066.0,69139823232.0,75790786290.0,82856648758.0,90199410116.0,98893958263.0,100208000000.0,109347000000.0,128596000000.0,164671000000.0,194372000000.0,211877000000.0,232181000000.0,270079000000.0,275447000000.0,236443000000.0,221914000000.0,239003000000.0,225629000000.0,238341000000.0,259171000000.0,291775000000.0,299091000000.0,336378000000.0,385737000000.0,399322000000.0,425852000000.0,504183000000.0
Italy,ITA,"Population, total",SP.POP.TOTL,50199700.0,50536350.0,50879450.0,51252000.0,51675350.0,52112350.0,52519000.0,52900500.0,53235750.0,53537950.0,53821850.0,54073490.0,54381345.0,54751406.0,55110868.0,55441001.0,55718260.0,55955411.0,56155143.0,56317749.0,56433883.0,56501675.0,56543548.0,56564074.0,56576718.0,56593071.0,56596155.0,56601931.0,56629288.0,56671781.0,56719240.0,56758521.0,56797087.0,56831821.0,56843400.0,56844303.0,56860281.0,56890372.0,56906744.0,56916317.0,56942108.0,56974100.0,57059007.0,57313203.0,57685327.0,57969484.0,58143979.0,58438310.0,58826731.0,59095365.0,59277417.0,59379449.0,59539717.0,60233948.0,60789140.0,60730582.0,60627498.0,60536709.0,60421760.0,59729081.0,59438851.0,59109668.0,,ITA,GDP (current US$),NY.GDP.MKTP.CD,40385288344.0,44842760293.0,50383891899.0,57710743060.0,63175417019.0,67978153851.0,73654870011.0,81133120065.0,87942231678.0,97085082807.0,113395000000.0,124672000000.0,145260000000.0,175492000000.0,199564000000.0,227696000000.0,224717000000.0,257596000000.0,315058000000.0,393677000000.0,477257000000.0,430703000000.0,427273000000.0,443042000000.0,437888000000.0,452217000000.0,640386000000.0,805713000000.0,891609000000.0,928661000000.0,1181220000000.0,1246220000000.0,1320160000000.0,1064960000000.0,1099220000000.0,1174660000000.0,1312430000000.0,1241880000000.0,1270050000000.0,1252450000000.0,1146680000000.0,1168020000000.0,1276770000000.0,1577620000000.0,1806540000000.0,1858220000000.0,1949550000000.0,2213100000000.0,2408660000000.0,2199930000000.0,2136100000000.0,2294990000000.0,2086960000000.0,2141920000000.0,2162010000000.0,1836640000000.0,1877070000000.0,1961800000000.0,2091930000000.0,2011300000000.0,1896760000000.0,2107700000000.0
Japan,JPN,"Population, total",SP.POP.TOTL,93216000.0,94055000.0,94933000.0,95900000.0,96903000.0,97952000.0,98851000.0,99879000.0,101011000.0,102219000.0,103403000.0,105697000.0,107188000.0,108707000.0,110162000.0,111573000.0,112775000.0,113872000.0,114913000.0,115890000.0,116807000.0,117661000.0,118480000.0,119307000.0,120083000.0,120837000.0,121482000.0,122069000.0,122578000.0,123069000.0,123478000.0,123964000.0,124425000.0,124829000.0,125178000.0,125472000.0,125757000.0,126057000.0,126400000.0,126631000.0,126843000.0,127149000.0,127445000.0,127718000.0,127761000.0,127773000.0,127854000.0,128001000.0,128063000.0,128047000.0,128070000.0,127833000.0,127629000.0,127445000.0,127276000.0,127141000.0,127076000.0,126972000.0,126811000.0,126633000.0,126261000.0,125681593.0,,JPN,GDP (current US$),NY.GDP.MKTP.CD,44307342950.0,53508617739.0,60723018684.0,69498131797.0,81749006382.0,90950278258.0,105628000000.0,123782000000.0,146601000000.0,172204000000.0,212609000000.0,240152000000.0,318031000000.0,432083000000.0,479626000000.0,521542000000.0,586162000000.0,721412000000.0,1013610000000.0,1055010000000.0,1105390000000.0,1218990000000.0,1134520000000.0,1243320000000.0,1318380000000.0,1398890000000.0,2078950000000.0,2532810000000.0,3071680000000.0,3054910000000.0,3132820000000.0,3584420000000.0,3908810000000.0,4454140000000.0,4998800000000.0,5545560000000.0,4923390000000.0,4492450000000.0,4098360000000.0,4635980000000.0,4968360000000.0,4374710000000.0,4182850000000.0,4519560000000.0,4893120000000.0,4831470000000.0,4601660000000.0,4579750000000.0,5106680000000.0,5289490000000.0,5759070000000.0,6233150000000.0,6272360000000.0,5212330000000.0,4896990000000.0,4444930000000.0,5003680000000.0,4930840000000.0,5037840000000.0,5123320000000.0,5040110000000.0,4940880000000.0
Latvia,LVA,"Population, total",SP.POP.TOTL,2120979.0,2152681.0,2181586.0,2210919.0,2240623.0,2265919.0,2283217.0,2301220.0,2323619.0,2343173.0,2359164.0,2376389.0,2395674.0,2415819.0,2437186.0,2456130.0,2470989.0,2485073.0,2497921.0,2505953.0,2511701.0,2519421.0,2531080.0,2546011.0,2562047.0,2578873.0,2599892.0,2626583.0,2653434.0,2666955.0,2663151.0,2650581.0,2614338.0,2563290.0,2520742.0,2485056.0,2457222.0,2432851.0,2410019.0,2390482.0,2367550.0,2337170.0,2310173.0,2287955.0,2263122.0,2238799.0,2218357.0,2200325.0,2177322.0,2141669.0,2097555.0,2059709.0,2034319.0,2012647.0,1993782.0,1977527.0,1959537.0,1942248.0,1927174.0,1913822.0,1900449.0,1884490.0,,LVA,GDP (current US$),NY.GDP.MKTP.CD,,,,,,,,,,,,,,,,,,,,,,,,,,,,,,,,,,,,5789128637.0,5975248851.0,6527926446.0,7166275468.0,7533788134.0,7958852839.0,8362398702.0,9557031605.0,11771975157.0,14435700533.0,17003459863.0,21570076499.0,31054350978.0,35854274229.0,26410909091.0,23956163077.0,27474380566.0,28169902669.0,30204783462.0,31386896487.0,27263090547.0,28083597512.0,30483806018.0,34429023435.0,34343961073.0,34601740323.0,39853501580.0
Lithuania,LTU,"Population, total",SP.POP.TOTL,2778550.0,2823550.0,2863350.0,2898950.0,2935200.0,2971450.0,3008050.0,3044400.0,3078850.0,3107321.0,3139689.0,3179041.0,3213622.0,3244438.0,3273894.0,3301652.0,3328664.0,3355036.0,3379514.0,3397842.0,3413202.0,3432947.0,3457179.0,3485192.0,3514205.0,3544543.0,3578914.0,3616367.0,3655049.0,3684255.0,3697838.0,3704134.0,3700114.0,3682613.0,3657144.0,3629102.0,3601613.0,3575137.0,3549331.0,3524238.0,3499536.0,3470818.0,3443067.0,3415213.0,3377075.0,3322528.0,3269909.0,3231294.0,3198231.0,3162916.0,3097282.0,3028115.0,2987773.0,2957689.0,2932367.0,2904910.0,2868231.0,2828403.0,2801543.0,2794137.0,2794885.0,2800839.0,,LTU,GDP (current US$),NY.GDP.MKTP.CD,,,,,,,,,,,,,,,,,,,,,,,,,,,,,,,,,,,,7867140395.0,8382519637.0,10118631852.0,11239547691.0,10971583945.0,11524776867.0,12237388002.0,14259781159.0,18781721376.0,22627507452.0,26097677572.0,30183575104.0,39697891352.0,47797551588.0,37388122046.0,37128694028.0,43535051482.0,42927454291.0,46523420074.0,48533659592.0,41435533340.0,43047309306.0,47758736932.0,53751411409.0,54751510088.0,56846622904.0,66445256585.0
Luxembourg,LUX,"Population, total",SP.POP.TOTL,313970.0,316845.0,320750.0,324100.0,327750.0,331500.0,333895.0,334995.0,335850.0,337500.0,339171.0,342421.0,346600.0,350450.0,355050.0,358950.0,360731.0,361358.0,362007.0,362856.0,364150.0,365225.0,365525.0,365622.0,365998.0,366706.0,368355.0,370750.0,373450.0,377100.0,381850.0,387000.0,392175.0,397475.0,402925.0,408625.0,414225.0,419450.0,424700.0,430475.0,436300.0,441525.0,446175.0,451630.0,458095.0,465158.0,472637.0,479993.0,488650.0,497783.0,506953.0,518347.0,530946.0,543360.0,556319.0,569604.0,582014.0,596336.0,607950.0,620001.0,630419.0,640064.0,,LUX,GDP (current US$),NY.GDP.MKTP.CD,703925705.9,704145671.4,741509480.8,791140595.8,903158753.9,921600736.3,968440149.5,974721762.5,1066447131.0,1234878981.0,1457768455.0,1518773421.0,1901697370.0,2609875802.0,3183637117.0,3123333333.0,3423586207.0,3789321328.0,4718539772.0,5516982664.0,6019805490.0,5053665797.0,4602316793.0,4524217751.0,4438435493.0,4577211767.0,6685595088.0,8320902215.0,9418167855.0,10037674038.0,12778792854.0,13834219728.0,15518702635.0,15925521222.0,17701798891.0,20853093870.0,20895314658.0,19563836265.0,20150053345.0,21899317599.0,21230182989.0,21387533703.0,23649833332.0,29667268248.0,35064843793.0,37672280120.0,42910146296.0,51587401416.0,58844277702.0,54467289898.0,56213985987.0,61696281326.0,59776383527.0,65203276467.0,68804811898.0,60071584216.0,62216885436.0,65712180343.0,71000359760.0,69825641851.0,73992591285.0,85506243834.0
Mexico,MEX,"Population, total",SP.POP.TOTL,36268055.0,37439317.0,38683283.0,39982118.0,41333878.0,42737991.0,44180437.0,45656963.0,47170337.0,48714394.0,50289306.0,51897675.0,53543436.0,55228203.0,56945880.0,58691882.0,60452543.0,62262505.0,64123997.0,65972912.0,67705186.0,69233769.0,70656783.0,72080310.0,73489654.0,74872006.0,76224365.0,77553504.0,78892015.0,80233749.0,81720428.0,83351595.0,84993164.0,86648447.0,88314424.0,89969572.0,91586555.0,93183094.0,94767284.0,96334810.0,97873442.0,99394288.0,100917081.0,102429341.0,103945813.0,105442402.0,106886790.0,108302973.0,109684489.0,111049428.0,112532401.0,114150481.0,115755909.0,117290686.0,118755887.0,120149897.0,121519221.0,122839258.0,124013861.0,125085311.0,125998302.0,126705138.0,,MEX,GDP (current US$),NY.GDP.MKTP.CD,13040000000.0,14160000000.0,15200000000.0,16960000000.0,20080000000.0,21840000000.0,24320000000.0,26560000000.0,29360000000.0,32480000000.0,35520000000.0,39200000000.0,45200000000.0,55280000000.0,72000000000.0,88000000000.0,89025974026.0,81814159292.0,102500000000.0,134561000000.0,205139000000.0,263959000000.0,184609000000.0,156159000000.0,184261000000.0,195220000000.0,134550000000.0,147541000000.0,181612000000.0,221401000000.0,261254000000.0,313143000000.0,363158000000.0,500736000000.0,527813000000.0,360074000000.0,410976000000.0,500413000000.0,526502000000.0,600233000000.0,707907000000.0,756706000000.0,772106000000.0,729336000000.0,782241000000.0,877476000000.0,975387000000.0,1052700000000.0,1109990000000.0,900045000000.0,1057800000000.0,1180490000000.0,1201090000000.0,1274440000000.0,1315350000000.0,1171870000000.0,1078490000000.0,1158910000000.0,1222410000000.0,1269010000000.0,1090520000000.0,1272840000000.0
Netherlands,NLD,"Population, total",SP.POP.TOTL,11486631.0,11638712.0,11805689.0,11965966.0,12127120.0,12294732.0,12456251.0,12598201.0,12729721.0,12877984.0,13038526.0,13194497.0,13328593.0,13439322.0,13545056.0,13666335.0,13774037.0,13856185.0,13941700.0,14038270.0,14149800.0,14247208.0,14312690.0,14367070.0,14424211.0,14491632.0,14572278.0,14665037.0,14760094.0,14848907.0,14951510.0,15069798.0,15184166.0,15290368.0,15382838.0,15459006.0,15530498.0,15610650.0,15707209.0,15812088.0,15925513.0,16046180.0,16148929.0,16225302.0,16281779.0,16319868.0,16346101.0,16381696.0,16445593.0,16530388.0,16615394.0,16693074.0,16754962.0,16804432.0,16865008.0,16939923.0,17030314.0,17131296.0,17231624.0,17344874.0,17441500.0,17533044.0,,NLD,GDP (current US$),NY.GDP.MKTP.CD,12276734172.0,13493833740.0,14647057370.0,15891241386.0,18699380731.0,21000586933.0,22867203317.0,25087562181.0,27817605743.0,34035946604.0,38164716625.0,44579122807.0,54706557264.0,71840909664.0,87243413395.0,100250000000.0,109169000000.0,127017000000.0,155860000000.0,179669000000.0,195152000000.0,164134000000.0,158480000000.0,153445000000.0,143913000000.0,143846000000.0,200862000000.0,245046000000.0,261911000000.0,258337000000.0,318331000000.0,327500000000.0,362963000000.0,353550000000.0,379130000000.0,452302000000.0,450490000000.0,416813000000.0,438008000000.0,447050000000.0,417479000000.0,431587000000.0,473862000000.0,580070000000.0,658380000000.0,685348000000.0,733955000000.0,848559000000.0,951870000000.0,871519000000.0,847381000000.0,905271000000.0,838923000000.0,877173000000.0,892168000000.0,765573000000.0,784060000000.0,833870000000.0,914043000000.0,910194000000.0,909793000000.0,1012850000000.0
New Zealand,NZL,"Population, total",SP.POP.TOTL,2371800.0,2419700.0,2482000.0,2531800.0,2585400.0,2628400.0,2675900.0,2724100.0,2748100.0,2772800.0,2810700.0,2853000.0,2903900.0,2961300.0,3023700.0,3083100.0,3110500.0,3120200.0,3121200.0,3109000.0,3112900.0,3124900.0,3156100.0,3199300.0,3227100.0,3247100.0,3246300.0,3274400.0,3283400.0,3299200.0,3329800.0,3495100.0,3531700.0,3572200.0,3620000.0,3673400.0,3732000.0,3781300.0,3815000.0,3835100.0,3857700.0,3880500.0,3948500.0,4027200.0,4087500.0,4133900.0,4184600.0,4223800.0,4259800.0,4302600.0,4350700.0,4384000.0,4408100.0,4442100.0,4516500.0,4609400.0,4714100.0,4813600.0,4900600.0,4979200.0,5090200.0,5122600.0,,NZL,GDP (current US$),NY.GDP.MKTP.CD,5485854792.0,5670064168.0,6077496268.0,6638937283.0,7274144351.0,5654463586.0,5863733231.0,5961418094.0,5180597621.0,5761588762.0,,7911136757.0,9567331065.0,12802281898.0,13940981798.0,12861983284.0,13604832424.0,15446825318.0,18530518395.0,20731243113.0,23244547385.0,24417617184.0,24164603059.0,24309279706.0,21665975319.0,24679795396.0,30604668357.0,40376354070.0,45176811594.0,43920222525.0,45495129385.0,42745329732.0,41649829860.0,46775620817.0,55314732279.0,63918703507.0,70140835299.0,66075143415.0,56227169851.0,58762260626.0,52623281957.0,53872425917.0,66627729311.0,88250885550.0,103905000000.0,114720000000.0,111539000000.0,137189000000.0,133131000000.0,121374000000.0,146518000000.0,168291000000.0,176207000000.0,190907000000.0,201313000000.0,178064000000.0,188838000000.0,206624000000.0,211953000000.0,213435000000.0,211735000000.0,249886000000.0
Norway,NOR,"Population, total",SP.POP.TOTL,3581239.0,3609800.0,3638918.0,3666537.0,3694339.0,3723168.0,3753012.0,3784539.0,3816486.0,3847707.0,3875763.0,3903039.0,3933004.0,3960612.0,3985258.0,4007313.0,4026152.0,4043205.0,4058671.0,4072517.0,4085620.0,4099702.0,4114787.0,4128432.0,4140099.0,4152516.0,4167354.0,4186905.0,4209488.0,4226901.0,4241473.0,4261732.0,4286401.0,4311991.0,4336613.0,4359184.0,4381336.0,4405157.0,4431464.0,4461913.0,4490967.0,4513751.0,4538159.0,4564855.0,4591910.0,4623291.0,4660677.0,4709153.0,4768212.0,4828726.0,4889252.0,4953088.0,5018573.0,5079623.0,5137232.0,5188607.0,5234519.0,5276968.0,5311916.0,5347896.0,5379475.0,5408320.0,,NOR,GDP (current US$),NY.GDP.MKTP.CD,5163271598.0,5632460937.0,6066976683.0,6510239503.0,7159202706.0,8058681060.0,8696460205.0,9514496703.0,10159934137.0,11063065083.0,12814123115.0,14583114840.0,17358610850.0,22534253703.0,27145693810.0,32877805200.0,35942270686.0,41508030431.0,46523091010.0,53132244624.0,64439382896.0,63596654761.0,62647195538.0,61627240831.0,62057955033.0,65416879914.0,78693253276.0,94230055659.0,101900000000.0,102634000000.0,119792000000.0,121872000000.0,130838000000.0,120579000000.0,127131000000.0,152030000000.0,163520000000.0,161357000000.0,154163000000.0,162284000000.0,171247000000.0,173972000000.0,195524000000.0,228859000000.0,264512000000.0,308884000000.0,345581000000.0,400937000000.0,462250000000.0,386190000000.0,428757000000.0,498283000000.0,509506000000.0,522762000000.0,498410000000.0,385802000000.0,368827000000.0,398394000000.0,437000000000.0,404941000000.0,362198000000.0,482175000000.0
Poland,POL,"Population, total",SP.POP.TOTL,29637450.0,29964000.0,30308500.0,30712000.0,31139450.0,31444950.0,31681000.0,31987155.0,32294655.0,32548300.0,32664300.0,32783500.0,33055650.0,33357200.0,33678899.0,34015199.0,34356300.0,34689050.0,34965600.0,35247217.0,35574150.0,35898587.0,36230481.0,36571808.0,36904134.0,37201885.0,37456119.0,37668045.0,37824487.0,37961529.0,38110782.0,38246193.0,38363667.0,38461408.0,38542652.0,38594998.0,38624370.0,38649660.0,38663481.0,38660271.0,38258629.0,38248076.0,38230364.0,38204570.0,38182222.0,38165445.0,38141267.0,38120560.0,38125759.0,38151603.0,38042794.0,38063255.0,38063164.0,38040196.0,38011735.0,37986412.0,37970087.0,37974826.0,37974750.0,37965475.0,37899070.0,37747124.0,,POL,GDP (current US$),NY.GDP.MKTP.CD,,,,,,,,,,,,,,,,,,,,,,,,,,,,,,,65977749037.0,85500935935.0,94337050693.0,96045645026.0,110803000000.0,142293000000.0,160193000000.0,159358000000.0,174686000000.0,170031000000.0,172219000000.0,190905000000.0,199072000000.0,217827000000.0,255110000000.0,306144000000.0,344622000000.0,429029000000.0,533609000000.0,439738000000.0,475697000000.0,524383000000.0,495237000000.0,515765000000.0,539088000000.0,477111000000.0,470023000000.0,524646000000.0,588783000000.0,596055000000.0,599449000000.0,679445000000.0
Portugal,PRT,"Population, total",SP.POP.TOTL,8857716.0,8929316.0,8993985.0,9030355.0,9035365.0,8998595.0,8930990.0,8874520.0,8836650.0,8757705.0,8680431.0,8643756.0,8630430.0,8633100.0,8754365.0,9093470.0,9355810.0,9455675.0,9558250.0,9661265.0,9766312.0,9851362.0,9911771.0,9957865.0,9996232.0,10023613.0,10032734.0,10030031.0,10019610.0,10005000.0,9983218.0,9960235.0,9952494.0,9964675.0,9991525.0,10026176.0,10063945.0,10108977.0,10160196.0,10217828.0,10289898.0,10362722.0,10419631.0,10458821.0,10483861.0,10503330.0,10522288.0,10542964.0,10558177.0,10568247.0,10573100.0,10557560.0,10514844.0,10457295.0,10401062.0,10358076.0,10325452.0,10300300.0,10283822.0,10286263.0,10297081.0,10325147.0,,PRT,GDP (current US$),NY.GDP.MKTP.CD,3193200404.0,3417516639.0,3668222358.0,3905734460.0,4235608178.0,4687464055.0,5135387846.0,5740241166.0,6354262628.0,6969025826.0,8108235704.0,9201604240.0,11239117865.0,15090564186.0,17512391476.0,19347607843.0,20332831565.0,21439523311.0,23487614051.0,26622819672.0,32896519824.0,31977276873.0,30527754793.0,27239650742.0,25217969050.0,27115807742.0,38745901354.0,48182925857.0,56347250696.0,60594092182.0,78713860217.0,89233599278.0,107592000000.0,95009751901.0,99688641304.0,118122000000.0,122630000000.0,117017000000.0,123946000000.0,127470000000.0,118605000000.0,121604000000.0,134796000000.0,165226000000.0,189382000000.0,197254000000.0,208756000000.0,240496000000.0,263416000000.0,244668000000.0,238113000000.0,245118000000.0,216224000000.0,226434000000.0,229902000000.0,199394000000.0,206426000000.0,221358000000.0,242313000000.0,239987000000.0,229032000000.0,253663000000.0
Slovak Republic,SVK,"Population, total",SP.POP.TOTL,4068095.0,4191667.0,4238188.0,4282017.0,4327341.0,4370983.0,4411666.0,4449367.0,4483915.0,4518607.0,4538223.0,4557449.0,4596622.0,4641445.0,4689623.0,4739105.0,4789507.0,4840501.0,4890125.0,4938973.0,4979815.0,5016105.0,5055099.0,5091971.0,5127097.0,5161768.0,5193838.0,5222840.0,5250596.0,5275942.0,5299187.0,5303294.0,5305016.0,5325305.0,5346331.0,5361999.0,5373361.0,5383291.0,5390516.0,5396020.0,5388720.0,5378867.0,5376912.0,5373374.0,5372280.0,5372807.0,5373054.0,5374622.0,5379233.0,5386406.0,5391428.0,5398384.0,5407579.0,5413393.0,5418649.0,5423801.0,5430798.0,5439232.0,5446771.0,5454147.0,5458827.0,5447247.0,,SVK,GDP (current US$),NY.GDP.MKTP.CD,,,,,,,,,,,,,,,,,,,,,,,,,,,,,,,12747380650.0,14272201755.0,15495514297.0,16520676974.0,20162936291.0,25840146405.0,27925036755.0,27706028096.0,29856000671.0,30463670124.0,29242558797.0,30778781607.0,35297794386.0,46919965224.0,57437444469.0,62808723477.0,70767338922.0,86563986799.0,100880000000.0,89399303222.0,91162836320.0,99922685425.0,94623731086.0,98935222175.0,101437000000.0,88900883131.0,89952699525.0,95649966261.0,106138000000.0,105720000000.0,106697000000.0,116527000000.0
Slovenia,SVN,"Population, total",SP.POP.TOTL,1584720.0,1594131.0,1603649.0,1616971.0,1632114.0,1649160.0,1669905.0,1689528.0,1704546.0,1713874.0,1724891.0,1738335.0,1752233.0,1766697.0,1776132.0,1793581.0,1820249.0,1842377.0,1862548.0,1882599.0,1901315.0,1906531.0,1910334.0,1922321.0,1932154.0,1941641.0,1965964.0,1989776.0,1995196.0,1996351.0,1998161.0,1999429.0,1996498.0,1991746.0,1989443.0,1989872.0,1988628.0,1985956.0,1981629.0,1983045.0,1988925.0,1992060.0,1994530.0,1995733.0,1997012.0,2000474.0,2006868.0,2018122.0,2021316.0,2039669.0,2048583.0,2052843.0,2057159.0,2059953.0,2061980.0,2063531.0,2065042.0,2066388.0,2073894.0,2088385.0,2102419.0,2108079.0,,SVN,GDP (current US$),NY.GDP.MKTP.CD,,,,,,,,,,,,,,,,,,,,,,,,,,,,,,,,,,,,21352224019.0,21507232649.0,20763101741.0,22146231968.0,22711384311.0,20289627637.0,20876309970.0,23489890274.0,29634713641.0,34414784504.0,36206395971.0,39481045038.0,48067401207.0,55779427740.0,50567734886.0,48208240226.0,51583869785.0,46577793184.0,48415657265.0,49997186439.0,43107506024.0,44766722791.0,48589100043.0,54177882426.0,54331588482.0,53706800044.0,61748586535.0
Spain,ESP,"Population, total",SP.POP.TOTL,30455000.0,30739250.0,31023366.0,31296651.0,31609195.0,31954292.0,32283194.0,32682947.0,33113134.0,33441054.0,33814531.0,34224490.0,34604469.0,34988947.0,35373335.0,35757900.0,36137812.0,36511638.0,36864898.0,37191330.0,37491165.0,37758631.0,37986012.0,38171525.0,38330364.0,38469512.0,38584624.0,38684815.0,38766939.0,38827764.0,38867322.0,38966376.0,39157685.0,39361262.0,39549108.0,39724050.0,39889852.0,40057389.0,40223509.0,40386875.0,40567864.0,40850412.0,41431558.0,42187645.0,42921895.0,43653155.0,44397319.0,45226803.0,45954106.0,46362946.0,46576897.0,46742697.0,46773055.0,46620045.0,46480882.0,46444832.0,46484062.0,46593236.0,46797754.0,47134837.0,47365655.0,47415750.0,,ESP,GDP (current US$),NY.GDP.MKTP.CD,12072126075.0,13834300571.0,16138545209.0,19074913948.0,21343844644.0,24756958695.0,28721062242.0,31647119228.0,31475548481.0,36038711600.0,40992995008.0,46619420359.0,59132415221.0,78639525985.0,97274006346.0,114777000000.0,118507000000.0,132449000000.0,160600000000.0,214602000000.0,232767000000.0,202808000000.0,195997000000.0,170951000000.0,172103000000.0,180793000000.0,251321000000.0,318748000000.0,376160000000.0,414757000000.0,536559000000.0,577166000000.0,630916000000.0,525076000000.0,530563000000.0,614609000000.0,642589000000.0,590077000000.0,619215000000.0,634908000000.0,598363000000.0,627830000000.0,708757000000.0,907492000000.0,1069060000000.0,1153720000000.0,1260400000000.0,1474000000000.0,1631860000000.0,1491470000000.0,1422110000000.0,1480710000000.0,1324750000000.0,1355580000000.0,1371820000000.0,1196160000000.0,1233550000000.0,1313250000000.0,1421700000000.0,1394320000000.0,1276960000000.0,1427380000000.0
Sweden,SWE,"Population, total",SP.POP.TOTL,7484656.0,7519998.0,7561588.0,7604328.0,7661354.0,7733853.0,7807797.0,7867931.0,7912273.0,7968072.0,8042801.0,8098334.0,8122300.0,8136312.0,8159955.0,8192437.0,8222286.0,8251540.0,8275599.0,8293678.0,8310531.0,8320503.0,8325263.0,8329033.0,8336605.0,8350386.0,8369829.0,8397804.0,8436489.0,8492964.0,8558835.0,8617375.0,8668067.0,8718561.0,8780745.0,8826939.0,8840998.0,8846062.0,8850974.0,8857874.0,8872109.0,8895960.0,8924958.0,8958229.0,8993531.0,9029572.0,9080505.0,9148092.0,9219637.0,9298515.0,9378126.0,9449213.0,9519374.0,9600379.0,9696110.0,9799186.0,9923085.0,10057698.0,10175214.0,10278887.0,10353442.0,10415811.0,,SWE,GDP (current US$),NY.GDP.MKTP.CD,15822585034.0,17212686615.0,18667251380.0,20204870630.0,22532416750.0,24795499686.0,26971486546.0,29275995675.0,31066819929.0,33738102482.0,38092452061.0,41566412923.0,48954145809.0,59404966684.0,66013338965.0,82885397621.0,89362071673.0,94468740851.0,104442000000.0,123386000000.0,142092000000.0,129687000000.0,114381000000.0,105014000000.0,109201000000.0,114124000000.0,150498000000.0,183010000000.0,206987000000.0,217948000000.0,261846000000.0,274229000000.0,284321000000.0,212953000000.0,229034000000.0,267306000000.0,291744000000.0,268146000000.0,270809000000.0,274072000000.0,262835000000.0,242396000000.0,266849000000.0,334337000000.0,385118000000.0,392218000000.0,423093000000.0,491253000000.0,517706000000.0,436537000000.0,495813000000.0,574094000000.0,552484000000.0,586842000000.0,581964000000.0,505104000000.0,515655000000.0,541019000000.0,555455000000.0,533880000000.0,547054000000.0,635664000000.0
Switzerland,CHE,"Population, total",SP.POP.TOTL,5327827.0,5434294.0,5573815.0,5694247.0,5789228.0,5856472.0,5918002.0,5991785.0,6067714.0,6136387.0,6180877.0,6213399.0,6260956.0,6307347.0,6341405.0,6338632.0,6302504.0,6281174.0,6281738.0,6294365.0,6319408.0,6354074.0,6391309.0,6418773.0,6441865.0,6470365.0,6504124.0,6545106.0,6593386.0,6646912.0,6715519.0,6799978.0,6875364.0,6938265.0,6993795.0,7040687.0,7071850.0,7088906.0,7110001.0,7143991.0,7184250.0,7229854.0,7284753.0,7339001.0,7389625.0,7437115.0,7483934.0,7551117.0,7647675.0,7743831.0,7824909.0,7912398.0,7996861.0,8089346.0,8188649.0,8282396.0,8373338.0,8451840.0,8514329.0,8575280.0,8638167.0,8703405.0,,CHE,GDP (current US$),NY.GDP.MKTP.CD,9522746719.0,10712712465.0,11879982759.0,13063643796.0,14480556572.0,15346741670.0,16480058705.0,17740013179.0,18942729779.0,20524886616.0,,,,,,,,,,,122661000000.0,112339000000.0,115140000000.0,114731000000.0,109547000000.0,111074000000.0,159224000000.0,199404000000.0,215722000000.0,208281000000.0,265764000000.0,268902000000.0,279921000000.0,272238000000.0,301375000000.0,352836000000.0,340104000000.0,294788000000.0,303459000000.0,297874000000.0,279216000000.0,286583000000.0,309301000000.0,362075000000.0,403913000000.0,418285000000.0,441635000000.0,490741000000.0,567268000000.0,554213000000.0,598851000000.0,715888000000.0,686420000000.0,706235000000.0,726538000000.0,694118000000.0,687895000000.0,695201000000.0,725569000000.0,721369000000.0,739914000000.0,800640000000.0
United Kingdom,GBR,"Population, total",SP.POP.TOTL,52400000.0,52800000.0,53250000.0,53650000.0,54000000.0,54348050.0,54648500.0,54943600.0,55211700.0,55441750.0,55663250.0,55896223.0,56086065.0,56194527.0,56229974.0,56225800.0,56211968.0,56193492.0,56196504.0,56246951.0,56314216.0,56333829.0,56313641.0,56332848.0,56422072.0,56550268.0,56681396.0,56802050.0,56928327.0,57076711.0,57247586.0,57424897.0,57580402.0,57718614.0,57865745.0,58019030.0,58166950.0,58316954.0,58487141.0,58682466.0,58892514.0,59119673.0,59370479.0,59647577.0,59987905.0,60401206.0,60846820.0,61322463.0,61806995.0,62276270.0,62766365.0,63258810.0,63700215.0,64128273.0,64602298.0,65116219.0,65611593.0,66058859.0,66460344.0,66836327.0,67081000.0,67326569.0,,GBR,GDP (current US$),NY.GDP.MKTP.CD,73233967692.0,77741965703.0,81247564157.0,86561961812.0,94407558351.0,101825000000.0,108573000000.0,113117000000.0,107760000000.0,116465000000.0,130672000000.0,148114000000.0,169965000000.0,192538000000.0,206131000000.0,241757000000.0,232615000000.0,263066000000.0,335883000000.0,438994000000.0,564948000000.0,540766000000.0,515049000000.0,489618000000.0,461487000000.0,489285000000.0,601453000000.0,745163000000.0,910123000000.0,926885000000.0,1093170000000.0,1142800000000.0,1179660000000.0,1061390000000.0,1140490000000.0,1346180000000.0,1421620000000.0,1561810000000.0,1655060000000.0,1689290000000.0,1666130000000.0,1648660000000.0,1785840000000.0,2056610000000.0,2422960000000.0,2544810000000.0,2709910000000.0,3092820000000.0,2931500000000.0,2417640000000.0,2491400000000.0,2666400000000.0,2706340000000.0,2786320000000.0,3065220000000.0,2934860000000.0,2699660000000.0,2683400000000.0,2878150000000.0,2857060000000.0,2704610000000.0,3131380000000.0
United States,USA,"Population, total",SP.POP.TOTL,180671000.0,183691000.0,186538000.0,189242000.0,191889000.0,194303000.0,196560000.0,198712000.0,200706000.0,202677000.0,205052000.0,207661000.0,209896000.0,211909000.0,213854000.0,215973000.0,218035000.0,220239000.0,222585000.0,225055000.0,227225000.0,229466000.0,231664000.0,233792000.0,235825000.0,237924000.0,240133000.0,242289000.0,244499000.0,246819000.0,249623000.0,252981000.0,256514000.0,259919000.0,263126000.0,266278000.0,269394000.0,272657000.0,275854000.0,279040000.0,282162411.0,284968955.0,287625193.0,290107933.0,292805298.0,295516599.0,298379912.0,301231207.0,304093966.0,306771529.0,309327143.0,311583481.0,313877662.0,316059947.0,318386329.0,320738994.0,323071755.0,325122128.0,326838199.0,328329953.0,331501080.0,331893745.0,,USA,GDP (current US$),NY.GDP.MKTP.CD,543300000000.0,563300000000.0,605100000000.0,638600000000.0,685800000000.0,743700000000.0,815000000000.0,861700000000.0,942500000000.0,1019900000000.0,1073300000000.0,1164850000000.0,1279110000000.0,1425380000000.0,1545240000000.0,1684900000000.0,1873410000000.0,2081830000000.0,2351600000000.0,2627330000000.0,2857310000000.0,3207040000000.0,3343790000000.0,3634040000000.0,4037610000000.0,4338980000000.0,4579630000000.0,4855220000000.0,5236440000000.0,5641580000000.0,5963140000000.0,6158130000000.0,6520330000000.0,6858560000000.0,7287240000000.0,7639750000000.0,8073120000000.0,8577550000000.0,9062820000000.0,9631170000000.0,10250900000000.0,10581900000000.0,10929100000000.0,11456400000000.0,12217200000000.0,13039200000000.0,13815600000000.0,14474200000000.0,14769900000000.0,14478100000000.0,15049000000000.0,15599700000000.0,16254000000000.0,16843200000000.0,17550700000000.0,18206000000000.0,18695100000000.0,19477300000000.0,20533100000000.0,21381000000000.0,21060500000000.0,23315100000000.0
Argentina,ARG,"Population, total",SP.POP.TOTL,20349744.0,20680653.0,21020359.0,21364017.0,21708487.0,22053661.0,22403116.0,22757014.0,23112971.0,23472028.0,23842803.0,24223379.0,24612794.0,25020588.0,25449754.0,25875558.0,26290257.0,26713780.0,27146121.0,27584134.0,28024803.0,28471285.0,28922762.0,29377137.0,29832197.0,30287112.0,30748326.0,31216453.0,31690792.0,32165766.0,32637657.0,33105763.0,33568285.0,34027240.0,34488696.0,34946110.0,35389362.0,35815971.0,36233195.0,36653031.0,37070774.0,37480493.0,37885028.0,38278164.0,38668796.0,39070501.0,39476851.0,39876111.0,40273769.0,40684338.0,40788453.0,41261490.0,41733271.0,42202935.0,42669500.0,43131966.0,43590368.0,44044811.0,44494502.0,44938712.0,45376763.0,45808747.0,,ARG,GDP (current US$),NY.GDP.MKTP.CD,,,24450604878.0,18272123664.0,25605249382.0,28344705967.0,28630474728.0,24256667553.0,26436857247.0,31256284544.0,31584210366.0,33293199095.0,34733000536.0,52544000117.0,72436777342.0,52438647922.0,51169499892.0,56781000101.0,58082870156.0,69252328952.0,76961923741.0,78676842367.0,84307486837.0,103979000000.0,79092001998.0,88416668900.0,110934000000.0,111106000000.0,126207000000.0,76636898036.0,141352000000.0,189720000000.0,228789000000.0,236742000000.0,257440000000.0,258032000000.0,272150000000.0,292859000000.0,298948000000.0,283523000000.0,284204000000.0,268697000000.0,97724004252.0,127587000000.0,164658000000.0,198737000000.0,232557000000.0,287531000000.0,361558000000.0,332976000000.0,423627000000.0,530163000000.0,545982000000.0,552025000000.0,526320000000.0,594749000000.0,557531000000.0,643629000000.0,524820000000.0,447755000000.0,385540000000.0,487227000000.0
Brazil,BRA,"Population, total",SP.POP.TOTL,73092515.0,75330008.0,77599218.0,79915555.0,82262794.0,84623747.0,86979283.0,89323288.0,91659246.0,94000381.0,96369875.0,98766288.0,101194394.0,103666904.0,106167372.0,108700515.0,111286504.0,113939886.0,116664382.0,119447303.0,122288383.0,125168060.0,128065095.0,130977370.0,133888775.0,136783180.0,139643355.0,142466264.0,145253973.0,148003411.0,150706446.0,153336445.0,155900790.0,158440875.0,160980472.0,163515328.0,166037122.0,168546707.0,171039804.0,173486281.0,175873720.0,178211881.0,180476685.0,182629278.0,184722043.0,186797334.0,188820682.0,190779453.0,192672317.0,194517549.0,196353492.0,198185302.0,199977707.0,201721767.0,203459650.0,205188205.0,206859578.0,208504960.0,210166592.0,211782878.0,213196304.0,214326223.0,,BRA,GDP (current US$),NY.GDP.MKTP.CD,17030465539.0,17275940449.0,19231747852.0,23287712878.0,20963733695.0,22465522884.0,28283323733.0,31086389195.0,33930457425.0,37171640819.0,42327664794.0,48869830902.0,58434858375.0,83592275863.0,109795000000.0,129204000000.0,153169000000.0,176344000000.0,200279000000.0,221338000000.0,237393000000.0,258015000000.0,271314000000.0,189657000000.0,188340000000.0,176124000000.0,215879000000.0,237518000000.0,258816000000.0,347028000000.0,390726000000.0,342609000000.0,328188000000.0,368296000000.0,525370000000.0,769333000000.0,850426000000.0,883206000000.0,863711000000.0,599642000000.0,655448000000.0,559991000000.0,509789000000.0,558229000000.0,669294000000.0,891630000000.0,1107640000000.0,1397080000000.0,1695820000000.0,1667020000000.0,2208870000000.0,2616200000000.0,2465190000000.0,2472810000000.0,2455990000000.0,1802210000000.0,1795700000000.0,2063510000000.0,1916950000000.0,1873270000000.0,1448560000000.0,1608980000000.0
Bulgaria,BGR,"Population, total",SP.POP.TOTL,7867374.0,7943118.0,8012946.0,8078145.0,8144340.0,8204168.0,8258057.0,8310226.0,8369603.0,8434172.0,8489574.0,8536395.0,8576200.0,8620967.0,8678745.0,8720742.0,8758599.0,8804183.0,8814032.0,8825940.0,8861535.0,8891117.0,8917457.0,8939738.0,8960679.0,8960547.0,8958171.0,8971359.0,8981446.0,8876972.0,8718289.0,8632367.0,8540164.0,8472313.0,8443591.0,8406067.0,8362826.0,8312068.0,8256786.0,8210624.0,8170172.0,8009142.0,7837161.0,7775327.0,7716860.0,7658972.0,7601022.0,7545338.0,7492561.0,7444443.0,7395599.0,7348328.0,7305888.0,7265115.0,7223938.0,7177991.0,7127822.0,7075947.0,7025037.0,6975761.0,6934015.0,6877743.0,,BGR,GDP (current US$),NY.GDP.MKTP.CD,,,,,,,,,,,,,,,,,,,,,19839230769.0,19870000000.0,19342000000.0,16563666667.0,17594944444.0,17155421053.0,20249294118.0,28101000000.0,22555941176.0,21988444444.0,20632090909.0,10943548387.0,10350515464.0,10829710145.0,9697416974.0,18983288690.0,12294204609.0,11315986087.0,15030696433.0,13627325461.0,13245834315.0,14183497963.0,16402846413.0,21144982397.0,26157892832.0,29869284035.0,34379808889.0,44432811756.0,54481376860.0,52023505367.0,50682061053.0,57678241024.0,54300857424.0,55810138436.0,57082011260.0,50781996713.0,53953897624.0,59199447421.0,66363537115.0,68915875215.0,70240275010.0,84056312734.0
Croatia,HRV,"Population, total",SP.POP.TOTL,4140181.0,4167292.0,4196712.0,4225675.0,4252876.0,4280923.0,4310701.0,4338683.0,4365628.0,4391490.0,4412252.0,4431275.0,4450564.0,4470161.0,4490660.0,4512082.0,4535934.0,4559571.0,4581085.0,4594778.0,4599782.0,4611509.0,4634234.0,4658254.0,4680285.0,4701417.0,4721446.0,4739745.0,4755207.0,4767260.0,4777368.0,4689022.0,4575818.0,4600463.0,4652024.0,4620030.0,4557097.0,4534920.0,4532135.0,4512597.0,4468302.0,4299642.0,4302174.0,4303399.0,4304600.0,4310145.0,4311159.0,4310217.0,4309705.0,4305181.0,4295427.0,4280622.0,4267558.0,4255689.0,4238389.0,4203604.0,4174349.0,4124531.0,4087843.0,4065253.0,4047680.0,3899000.0,,HRV,GDP (current US$),NY.GDP.MKTP.CD,,,,,,,,,,,,,,,,,,,,,,,,,,,,,,,,,,,,22643720763.0,24004834104.0,24029651137.0,25732125032.0,23628947415.0,21807856145.0,23259567778.0,27085262279.0,35022903387.0,42013459302.0,45835098188.0,50915016294.0,60641942979.0,70943300079.0,63324394634.0,60672093865.0,63408294943.0,57369359295.0,59032066092.0,58423981441.0,50242783066.0,52397494687.0,56323836170.0,62316840750.0,62327983580.0,57472012427.0,68955083280.0
Cyprus,CYP,"Population, total",SP.POP.TOTL,585725.0,594771.0,601095.0,607072.0,612338.0,617345.0,622566.0,627695.0,632452.0,636821.0,640804.0,644413.0,647620.0,650705.0,648585.0,644982.0,648868.0,656414.0,663975.0,671611.0,679327.0,687170.0,696227.0,707477.0,719678.0,731664.0,743446.0,755021.0,766412.0,777592.0,788500.0,799061.0,810431.0,825986.0,844444.0,862418.0,880058.0,897471.0,914660.0,931600.0,948237.0,964830.0,982194.0,1000350.0,1018684.0,1037062.0,1055438.0,1073873.0,1092390.0,1110974.0,1129686.0,1145086.0,1156556.0,1166968.0,1176995.0,1187280.0,1197881.0,1208523.0,1218831.0,1228836.0,1237537.0,1244188.0,,CYP,GDP (current US$),NY.GDP.MKTP.CD,,,,,,,,,,,,,,,,489914760.7,576090073.7,734887974.0,964026512.2,1288715210.0,2154311277.0,2087496374.0,2159242417.0,2160364071.0,2278248953.0,2430411900.0,3090734463.0,3704813886.0,4278792597.0,4563482604.0,5591130218.0,5770197348.0,6912150456.0,6590291048.0,7425703929.0,9933133247.0,10011918444.0,9547818700.0,10248617647.0,10497908306.0,9985844486.0,10397897086.0,11420227885.0,14547325028.0,17320552500.0,18433411267.0,20072786351.0,23968764030.0,27844698989.0,25945391775.0,25800247912.0,27642086581.0,25048659900.0,23961144906.0,23226782251.0,19909190059.0,21046951516.0,22946726164.0,25596474965.0,25944504646.0,25008448886.0,28407867534.0
India,IND,"Population, total",SP.POP.TOTL,445954579.0,456351876.0,467024193.0,477933619.0,489059309.0,500114346.0,510992617.0,521987069.0,533431909.0,545314670.0,557501301.0,569999178.0,582837973.0,596107483.0,609721951.0,623524219.0,637451448.0,651685628.0,666267760.0,681248383.0,696828385.0,712869298.0,729169466.0,745826546.0,762895156.0,780242084.0,797878993.0,815716125.0,833729681.0,852012673.0,870452165.0,888941756.0,907574049.0,926351297.0,945261958.0,964279129.0,983281218.0,1002335230.0,1021434576.0,1040500054.0,1059633675.0,1078970907.0,1098313039.0,1117415123.0,1136264583.0,1154638713.0,1172373788.0,1189691809.0,1206734806.0,1223640160.0,1240613620.0,1257621191.0,1274487215.0,1291132063.0,1307246509.0,1322866505.0,1338636340.0,1354195680.0,1369003306.0,1383112050.0,1396387127.0,1407563842.0,,IND,GDP (current US$),NY.GDP.MKTP.CD,37029883876.0,39232435784.0,42161481858.0,48421923459.0,56480289941.0,59554854576.0,45865462034.0,50134942204.0,53085455871.0,58447995017.0,62422483055.0,67350988021.0,71463193831.0,85515269585.0,99525899116.0,98472796457.0,102717000000.0,121487000000.0,137300000000.0,152992000000.0,186325000000.0,193491000000.0,200715000000.0,218262000000.0,212158000000.0,232512000000.0,248986000000.0,279034000000.0,296589000000.0,296042000000.0,320979000000.0,270105000000.0,288208000000.0,279296000000.0,327276000000.0,360282000000.0,392897000000.0,415868000000.0,421351000000.0,458820000000.0,468395000000.0,485441000000.0,514938000000.0,607699000000.0,709149000000.0,820382000000.0,940260000000.0,1216740000000.0,1198900000000.0,1341890000000.0,1675620000000.0,1823050000000.0,1827640000000.0,1856720000000.0,2039130000000.0,2103590000000.0,2294800000000.0,2651470000000.0,2702930000000.0,2831550000000.0,2667690000000.0,3176300000000.0
Malta,MLT,"Population, total",SP.POP.TOTL,326550.0,325250.0,323900.0,322550.0,321250.0,318800.0,315200.0,311550.0,307900.0,304300.0,302650.0,302700.0,302450.0,302200.0,301996.0,304222.0,305774.0,306970.0,310182.0,313342.0,316645.0,318982.0,325898.0,330524.0,330593.0,336452.0,342121.0,344485.0,347325.0,350722.0,354170.0,363845.0,367618.0,371308.0,374797.0,377419.0,379905.0,382791.0,385287.0,387578.0,390087.0,393028.0,395969.0,398582.0,401268.0,403834.0,405308.0,406724.0,409379.0,412477.0,414508.0,416268.0,420028.0,425967.0,434558.0,445053.0,455356.0,467999.0,484630.0,504062.0,515332.0,518536.0,,MLT,GDP (current US$),NY.GDP.MKTP.CD,,,,,,,,,,,250721821.6,264579879.8,295118249.3,345602025.4,376094108.5,474620439.6,527936988.8,625573345.5,793675169.9,1001300838.0,1250242108.0,1243469361.0,1234518125.0,1165771369.0,1101828569.0,1117835286.0,1435079200.0,1751247763.0,2019474244.0,2118574772.0,2547163582.0,2750041434.0,3021910217.0,2709178327.0,2998570147.0,3461332685.0,3585755121.0,3722389056.0,3958227428.0,4155187258.0,4323339212.0,4355146428.0,4693495693.0,5489359281.0,6116591928.0,6407287651.0,6778321415.0,7925403778.0,9090376446.0,8696304529.0,9035927350.0,9638919822.0,9462289606.0,10551600478.0,11626278730.0,11091423499.0,11668253265.0,13489380931.0,15298771847.0,15725847979.0,14933066819.0,17364044944.0
North Macedonia,MKD,"Population, total",SP.POP.TOTL,1462368.0,1481112.0,1497338.0,1511854.0,1529507.0,1547982.0,1567707.0,1588649.0,1610537.0,1633502.0,1656783.0,1679012.0,1701498.0,1725228.0,1749329.0,1774013.0,1799332.0,1825299.0,1851978.0,1879354.0,1907023.0,1935200.0,1958275.0,1974441.0,1988682.0,2001504.0,2012926.0,2023097.0,2031932.0,2039426.0,2044174.0,2036686.0,2018023.0,1996893.0,1982458.0,1983964.0,1994226.0,1996869.0,2007523.0,2017142.0,2026350.0,2034882.0,2020157.0,2026773.0,2032544.0,2036855.0,2040228.0,2043559.0,2046898.0,2050671.0,2055004.0,2058539.0,2061044.0,2064032.0,2067471.0,2070226.0,2072490.0,2074502.0,2076217.0,2076694.0,2072531.0,2065092.0,,MKD,GDP (current US$),NY.GDP.MKTP.CD,,,,,,,,,,,,,,,,,,,,,,,,,,,,,,,4699646643.0,4938775510.0,2436849342.0,2682456897.0,3559607241.0,4707036096.0,4642018354.0,3912986091.0,3765747305.0,3863621186.0,3772857145.0,3709637830.0,4018365247.0,4946292775.0,5682788267.0,6258600714.0,6861222332.0,8336478142.0,9909548411.0,9401731496.0,9407168702.0,10494632699.0,9745251126.0,10817712139.0,11362272838.0,10064515432.0,10672471861.0,11307058382.0,12683070061.0,12606338449.0,12363580535.0,13825049832.0
Romania,ROU,"Population, total",SP.POP.TOTL,18406905.0,18555250.0,18676550.0,18797850.0,18919126.0,19031576.0,19215450.0,19534242.0,19799831.0,20009141.0,20250398.0,20461567.0,20657957.0,20835681.0,21029429.0,21293583.0,21551634.0,21756096.0,21951464.0,22090488.0,22207282.0,22353070.0,22475741.0,22560478.0,22640547.0,22732999.0,22836841.0,22949430.0,23057662.0,23161458.0,23201835.0,23001155.0,22794284.0,22763280.0,22730211.0,22684270.0,22619004.0,22553978.0,22507344.0,22472040.0,22442971.0,22131970.0,21730496.0,21574326.0,21451748.0,21319685.0,21193760.0,20882982.0,20537875.0,20367487.0,20246871.0,20147528.0,20058035.0,19983693.0,19908979.0,19815616.0,19702267.0,19588715.0,19473970.0,19371648.0,19265250.0,19119880.0,,ROU,GDP (current US$),NY.GDP.MKTP.CD,,,,,,,,,,,,,,,,,,,,,,,,,,,,38413636364.0,40809523810.0,42105263158.0,38995454545.0,28998684211.0,25121666667.0,26362894737.0,30074440483.0,37435317265.0,36937074278.0,35574916295.0,41694118973.0,35952781582.0,37253259017.0,40394824679.0,46066101951.0,57806506024.0,74972669057.0,98452791983.0,122023000000.0,174585000000.0,214314000000.0,174104000000.0,170029000000.0,192614000000.0,179133000000.0,189790000000.0,199712000000.0,177882000000.0,185287000000.0,210147000000.0,243317000000.0,251019000000.0,251362000000.0,284088000000.0
Serbia,SRB,"Population, total",SP.POP.TOTL,6608000.0,6655000.0,6696000.0,6732000.0,6765000.0,6794000.0,6841000.0,6880000.0,6915000.0,6945000.0,6972000.0,7013000.0,7053000.0,7091000.0,7128000.0,7163000.0,7214000.0,7258000.0,7297000.0,7332000.0,7362000.0,7405000.0,7440000.0,7468000.0,7489000.0,7504000.0,7536000.0,7558000.0,7572000.0,7581000.0,7586000.0,7595636.0,7646424.0,7699307.0,7734639.0,7625357.0,7617794.0,7596501.0,7567745.0,7540401.0,7516346.0,7503433.0,7496522.0,7480591.0,7463157.0,7440769.0,7411569.0,7381579.0,7350222.0,7320807.0,7291436.0,7234099.0,7199077.0,7164132.0,7130576.0,7095383.0,7058322.0,7020858.0,6982604.0,6945235.0,6899126.0,6834326.0,,SRB,GDP (current US$),NY.GDP.MKTP.CD,,,,,,,,,,,,,,,,,,,,,,,,,,,,,,,,,,,,16832598870.0,21818007449.0,25676488000.0,19457979423.0,19388663551.0,6875845987.0,12960538724.0,17120906918.0,22482365322.0,26141968161.0,27683225959.0,32482070360.0,43170990616.0,52194221469.0,45162894381.0,41819468692.0,49258136129.0,43309252921.0,48394239475.0,47062206678.0,39655958843.0,40692643373.0,44179055280.0,50640650221.0,51514222382.0,53356480454.0,63082047650.0
